candidate_id,name,race_id,municipality,office,site,platform_words
ON-BD-ddsb-trustee-ajax-murugathasan-m,Mayoorey Murugathasan,ON-BD-ddsb-trustee-ajax,"Ajax, Town of",trustee,https://www.mayooreytrustee.com/,0
ON-ajax-council-w01-local-boodoo-s,Sadiq Boodoo,ON-ajax-council-w01-local,"Ajax, Town of",councillor,https://sadiqboodoo.ca,0
ON-ajax-council-w03-local-gaddam-s,Santosh Gaddam,ON-ajax-council-w03-local,"Ajax, Town of",councillor,https://www.santoshgaddam.ca,0
ON-ajax-mayor-crawford-m,Marilyn Crawford,ON-ajax-mayor,"Ajax, Town of",mayor,https://marilyncrawford.ca,0
ON-ajax-mayor-hinds-r,Richard Hinds,ON-ajax-mayor,"Ajax, Town of",mayor,https://hindsformayor.ca,0
ON-ashfield-colborne-wawanosh-council-at-large-ducharme-p,Peggy Ducharme,ON-ashfield-colborne-wawanosh-council-at-large,"Ashfield-Colborne-Wawanosh, Township of",councillor,https://www.peggy4acwcouncil.com/,0
ON-BD-yrdsb-trustee-aurora-whitchurch-stouffville-yu-b,Bruce Yu,ON-BD-yrdsb-trustee-aurora-whitchurch-stouffville,"Aurora, Town of",trustee,https://www.bruceyu.ca,0
ON-aurora-council-w01-morsillo-r,Rocco Morsillo,ON-aurora-council-w01,"Aurora, Town of",councillor,https://roccomorsillo.ca,776
ON-aurora-council-w03-alber-n,Nikki Alber,ON-aurora-council-w03,"Aurora, Town of",councillor,https://www.nikkialber.ca/,0
ON-aurora-council-w03-fraser-r,Robert James Fraser,ON-aurora-council-w03,"Aurora, Town of",councillor,https://robertjfraser.ca,700
ON-aurora-council-w04-moledina-s,Shaheen Moledina,ON-aurora-council-w04,"Aurora, Town of",councillor,https://shaheenmoledina.ca,0
ON-aurora-council-w05-dela-cruz-toupin-c,Charity Dela Cruz-Toupin,ON-aurora-council-w05,"Aurora, Town of",councillor,http://delacruztoupin.ca,504
ON-aurora-council-w05-thandi-h,Harbinder (Binda) Thandi,ON-aurora-council-w05,"Aurora, Town of",councillor,https://www.bindathandi.ca,561
ON-aurora-council-w05-hart-m,Milton Hart,ON-aurora-council-w05,"Aurora, Town of",councillor,https://miltonhart.com,0
ON-bancroft-mayor-pharand-m,Mark Pharand,ON-bancroft-mayor,"Bancroft, Town of",mayor,http://www.markpharand.ca,0
ON-barrie-council-w01-pauline-stevenson,Pauline Stevenson,ON-barrie-council-w01,"Barrie, City of",councillor,https://stevenson4ward1.ca,0
ON-barrie-council-w01-shaughna-ainsworth,Shaughna Ainsworth,ON-barrie-council-w01,"Barrie, City of",councillor,https://ainsworth4ward1.ca/platform,729
ON-barrie-council-w06-nigussie-nigussie,Nigussie Nigussie,ON-barrie-council-w06,"Barrie, City of",councillor,https://www.votenigussie.ca/about-3,0
ON-barrie-council-w07-gary-harvey,Gary Harvey,ON-barrie-council-w07,"Barrie, City of",councillor,http://www.garyharvey.ca,0
ON-belleville-council-w01-borthwick-l,Lori Borthwick,ON-belleville-council-w01,"Belleville, City of",councillor,https://loriborthwick.ca/,0
ON-belleville-council-w01-seu-m,Margaret Seu,ON-belleville-council-w01,"Belleville, City of",councillor,https://www.margaretseu.com,0
ON-belleville-council-w02-carr-p,Paul Carr,ON-belleville-council-w02,"Belleville, City of",councillor,https://www.paulcarr.ca,0
ON-bluewater-council-hay-west-heagle-b,Brian Heagle,ON-bluewater-council-hay-west,"Bluewater, Municipality of",councillor,https://www.voteheagle.com/,0
ON-bracebridge-council-district-mceachranmorin-c,Christian McEachran Morin,ON-bracebridge-council-district,"Bracebridge, Town of",regional_councillor,https://www.votecmm.ca,951
ON-bracebridge-council-w04-waters-c,Cindy Waters,ON-bracebridge-council-w04,"Bracebridge, Town of",councillor,https://www.cindywaters.ca,0
ON-bradford-west-gwillimbury-council-w03-verkaik-b,Ben Verkaik,ON-bradford-west-gwillimbury-council-w03,"Bradford West Gwillimbury, Town of",councillor,https://benverkaik.com,0
ON-bradford-west-gwillimbury-council-w04-toor-k,Kash Toor,ON-bradford-west-gwillimbury-council-w04,"Bradford West Gwillimbury, Town of",councillor,https://votekash.ca,0
ON-bradford-west-gwillimbury-council-w05-eek-d,Darryl Eek,ON-bradford-west-gwillimbury-council-w05,"Bradford West Gwillimbury, Town of",councillor,https://darryleekward5.ca,0
ON-bradford-west-gwillimbury-council-w06-fellman-b,Brent Fellman,ON-bradford-west-gwillimbury-council-w06,"Bradford West Gwillimbury, Town of",councillor,https://sites.google.com/view/brentfellman,2708
ON-bradford-west-gwillimbury-council-w07-dykie-p,Peter Dykie,ON-bradford-west-gwillimbury-council-w07,"Bradford West Gwillimbury, Town of",councillor,https://peterdykiejr.ca/about-me-1,0
ON-bradford-west-gwillimbury-mayor-ferragine-p,Peter Ferragine,ON-bradford-west-gwillimbury-mayor,"Bradford West Gwillimbury, Town of",mayor,https://votepeter2026.ca,1832
ON-bradford-west-gwillimbury-mayor-sandhu-r,Raj Sandhu,ON-bradford-west-gwillimbury-mayor,"Bradford West Gwillimbury, Town of",mayor,https://sandhuraj.com,382
ON-BD-pdsb-trustee-w01-w05-green-d,David Green,ON-BD-pdsb-trustee-w01-w05,"Brampton, City of",trustee,https://www.electdavid.ca,0
ON-BD-pdsb-trustee-w07-w08-bailey-k,Karla Bailey,ON-BD-pdsb-trustee-w07-w08,"Brampton, City of",trustee,https://karlabailey.ca/home,0
ON-brampton-council-w09-w10-singh-h,Harkirat Singh,ON-brampton-council-w09-w10,"Brampton, City of",councillor,https://harkiratsingh.ca/meet-harkirat,0
ON-brampton-mayor-dhaliwal-a,Avi Dhaliwal,ON-brampton-mayor,"Brampton, City of",mayor,https://avidhaliwal.com,431
ON-brampton-mayor-patel-t,Tirth Vinodkumar Patel,ON-brampton-mayor,"Brampton, City of",mayor,https://tirthpatel.ca,1433
ON-brampton-regional-councillor-w01-w05-vicente-p,Paul Vicente,ON-brampton-regional-councillor-w01-w05,"Brampton, City of",regional_councillor,https://paulvicente.ca,1093
ON-brampton-regional-councillor-w01-w05-lee-s,Steven Lee,ON-brampton-regional-councillor-w01-w05,"Brampton, City of",regional_councillor,https://www.votestevenlee.ca,1644
ON-brampton-regional-councillor-w02-w06-tandon-s,Sameer Tandon,ON-brampton-regional-councillor-w02-w06,"Brampton, City of",regional_councillor,https://www.sameerforbrampton.ca,0
ON-brampton-regional-councillor-w07-w08-sharma-a,Aman Sharma,ON-brampton-regional-councillor-w07-w08,"Brampton, City of",regional_councillor,https://amansharma.net,0
ON-brampton-regional-councillor-w09-w10-sangha-s,Sukhman Sangha,ON-brampton-regional-councillor-w09-w10,"Brampton, City of",regional_councillor,https://sukhmansangha.com,0
ON-brant-council-w02-howes-s,Steve Howes,ON-brant-council-w02,"Brant, County of",councillor,http://www.votehowes.ca/about-steve,7896
ON-brant-council-w03-bell-j,John Bell,ON-brant-council-w03,"Brant, County of",councillor,https://johnbellward3.com,0
ON-brant-council-w04-craigie-c,Claudine Craigie,ON-brant-council-w04,"Brant, County of",councillor,https://www.claudinecraigie.com/,0
ON-brant-council-w05-haley-e,Ella Haley,ON-brant-council-w05,"Brant, County of",councillor,https://www.ella4ward5.ca/,30
ON-brant-council-w05-gatopoulos-m,Mike Gatopoulos,ON-brant-council-w05,"Brant, County of",councillor,https://mikegatopoulos.ca,0
ON-brant-mayor-garneaubisaillon-c,Christine Garneau Bisaillon,ON-brant-mayor,"Brant, County of",mayor,https://garneauformayor.ca/my-vision,878
ON-brantford-council-w02-mark-littell,Mark Littell,ON-brantford-council-w02,"Brantford, City of",councillor,https://littell.ca/mark-littell-for-ward-2-councillor,0
ON-brantford-council-w03-rod-philpot,Rod Philpot,ON-brantford-council-w03,"Brantford, City of",councillor,https://rodphilpot.ca/about,0
ON-brantford-council-w05-karleigh-csordas,Karleigh Csordas,ON-brantford-council-w05,"Brantford, City of",councillor,https://karleighcsordas.ca/lets-talk-policy-fair-taxation,2253
ON-brighton-council-at-large-W,Jeff Wheeldon,ON-brighton-council-at-large,"Brighton, Municipality of",councillor,https://jeffwheeldon.ca,3236
ON-brock-council-w01-josephson-b,Beth Josephson,ON-brock-council-w01,"Brock, Township of",councillor,https://bethjosephson.ca,0
ON-BD-hcdsb-trustee-burlington-w03-w06-soler-r,Roman Soler,ON-BD-hcdsb-trustee-burlington-w03-w06,"Burlington, City of",trustee,https://voteroman.ca,0
ON-BD-hdsb-trustee-burlington-w03-w06-zhang-x,Xin Yi Zhang,ON-BD-hdsb-trustee-burlington-w03-w06,"Burlington, City of",trustee,https://www.reelect-xyz.ca,0
ON-BD-hdsb-trustee-burlington-w05-collard-a,Amy Collard,ON-BD-hdsb-trustee-burlington-w05,"Burlington, City of",trustee,https://reelectamycollard.wixsite.com/re-elect-amy-collard,565
ON-burlington-council-w01-hurst-c,Cheryl Hurst,ON-burlington-council-w01,"Burlington, City of",regional_councillor,https://www.cherylcommunityburlingtonward1.ca,315
ON-burlington-council-w01-galbraith-k,Kelvin Galbraith,ON-burlington-council-w01,"Burlington, City of",regional_councillor,https://www.kelvingalbraith-ward1.com,1170
ON-burlington-council-w03-moore-k,Katy Moore,ON-burlington-council-w03,"Burlington, City of",regional_councillor,https://thirstformoore.ca,0
ON-burlington-council-w03-hutton-k,Kyle Hutton,ON-burlington-council-w03,"Burlington, City of",regional_councillor,https://www.kylehutton.ca/vote,2201
ON-burlington-council-w03-brecknock-t,Tony Brecknock,ON-burlington-council-w03,"Burlington, City of",regional_councillor,https://brecknock.com,0
ON-burlington-council-w06-bentivegna-a,Angelo Bentivegna,ON-burlington-council-w06,"Burlington, City of",regional_councillor,https://angelobentivegnaward6.ca,454
ON-burlington-council-w06-domenic-f,Frank Domenic,ON-burlington-council-w06,"Burlington, City of",regional_councillor,https://frankdomenic.ca/events,8975
ON-burlington-council-w06-adus-o,Osob Adus,ON-burlington-council-w06,"Burlington, City of",regional_councillor,https://www.osobward6.ca,442
ON-burlington-mayor-kearns-l,Lisa Kearns,ON-burlington-mayor,"Burlington, City of",mayor,https://lisakearns.ca,0
ON-burlington-mayor-meedward-m,Marianne Meed Ward,ON-burlington-mayor,"Burlington, City of",mayor,https://votemarianne.ca/,0
ON-burlington-mayor-nisan-r,Rory Nisan,ON-burlington-mayor,"Burlington, City of",mayor,https://rorynisan.ca,1433
ON-BD-pdsb-trustee-caledon-sandhu-g,Gagan Sandhu,ON-BD-pdsb-trustee-caledon,"Caledon, Town of",trustee,https://gagansandhu.com,410
ON-BD-pdsb-trustee-caledon-kaur-r,Rosey Kaur,ON-BD-pdsb-trustee-caledon,"Caledon, Town of",trustee,https://www.roseykaur.com,0
ON-caledon-council-w02-sekhon-j,Jagraj Sekhon,ON-caledon-council-w02,"Caledon, Town of",councillor,https://jagsekhon.com,0
ON-caledon-council-w03-maskell-d,Doug Maskell,ON-caledon-council-w03,"Caledon, Town of",councillor,https://www.dougmaskell.ca,102
ON-caledon-council-w04-french-h,Heather French,ON-caledon-council-w04,"Caledon, Town of",councillor,https://www.french4caledon.com/,0
ON-caledon-council-w05-muir-j,John Muir,ON-caledon-council-w05,"Caledon, Town of",councillor,https://electjohnmuir.com,333
ON-caledon-mayor-bawa-b,Baljit Bawa,ON-caledon-mayor,"Caledon, Town of",mayor,http://www.bawa4mayor.ca,0
ON-caledon-mayor-early-c,Christina Early,ON-caledon-mayor,"Caledon, Town of",mayor,https://early4caledon.ca,0
ON-caledon-mayor-russo-m,Mario Russo,ON-caledon-mayor,"Caledon, Town of",mayor,https://mariorusso.ca,896
ON-caledon-regional-councillor-w1w3-sheen-d,Dave Sheen,ON-caledon-regional-councillor-w1w3,"Caledon, Town of",regional_councillor,https://dave4caledon.com,0
ON-caledon-regional-councillor-w1w3-grewal-h,Harpreet Grewal,ON-caledon-regional-councillor-w1w3,"Caledon, Town of",regional_councillor,https://harpreet4caledon.ca,824
ON-cambridge-council-w01-jeff-donkersgoed,Jeff Donkersgoed,ON-cambridge-council-w01,"Cambridge, City of",councillor,https://www.jeffward1.ca,1578
ON-cambridge-council-w04-ross-earnshaw,Ross Earnshaw,ON-cambridge-council-w04,"Cambridge, City of",councillor,https://www.rossearnshaw.ca/about,0
ON-cambridge-council-w05-sheri-roberts,Sheri Roberts,ON-cambridge-council-w05,"Cambridge, City of",councillor,https://sroberts.ca,1470
ON-cambridge-mayor-kennedy-b,Brian KENNEDY,ON-cambridge-mayor,"Cambridge, City of",mayor,https://www.kennedyforcambridge.ca,3398
ON-carling-council-moffatt-d,Daryle Moffatt,ON-carling-council,"Carling, Township of",councillor,https://www.darylemoffatt.com,1471
ON-carling-mayor-kelly-b,Bruce Kelly,ON-carling-mayor,"Carling, Township of",mayor,https://www.brucekellyforcarling.com/,0
ON-cavan-monaghan-deputy-mayor-huntley-r,Ryan Huntley,ON-cavan-monaghan-deputy-mayor,"Cavan Monaghan, Township of",deputy_mayor,https://www.ryanhuntley.ca/,77
ON-central-elgin-mayor-griffin-m,Morgaine Griffin,ON-central-elgin-mayor,"Central Elgin, Municipality of",mayor,https://morgainegriffin.ca,5267
ON-centre-wellington-mayor-wilton-b,Bronwynne Wilton,ON-centre-wellington-mayor,"Centre Wellington, Township of",mayor,https://bronwynnewilton.ca,1812
ON-centre-wellington-regional-councillor-w05-lloyd-m,Mary Lloyd,ON-centre-wellington-regional-councillor-w05,"Centre Wellington, Township of",regional_councillor,http://www.marylloyd.ca/about-mary.html,0
ON-centre-wellington-regional-councillor-w06-ballantyne-d,Diane Ballantyne,ON-centre-wellington-regional-councillor-w06,"Centre Wellington, Township of",regional_councillor,https://dianeballantyne.ca,0
ON-chatham-kent-council-w01-melissa-harrigan,Melissa Harrigan,ON-chatham-kent-council-w01,"Chatham-Kent, Municipality of",councillor,https://www.melissaharrigan.com,0
ON-chatham-kent-council-w01-michael-bond,Michael Bond,ON-chatham-kent-council-w01,"Chatham-Kent, Municipality of",councillor,https://michaelbond.wordpress.com/2026/05/08/michael-bond-officially-launches-campaign-for-ward-1-council-seat-in-chatham-kent,6908
ON-chatham-kent-council-w02-hassan-tariq,Hassan Tariq,ON-chatham-kent-council-w02,"Chatham-Kent, Municipality of",councillor,https://hassantariq.ca,0
ON-chatham-kent-council-w06-alysson-storey,Alysson Storey,ON-chatham-kent-council-w06,"Chatham-Kent, Municipality of",councillor,https://www.votestorey.ca/housing-and-homelessness.html,0
ON-chatham-kent-mayor-canniff-d,Darrin Canniff,ON-chatham-kent-mayor,"Chatham-Kent, Municipality of",mayor,https://darrincanniff.com,0
ON-clarington-council-w01-elhajjeh-s,Sami Elhajjeh,ON-clarington-council-w01,"Clarington, Municipality of",councillor,https://votesamiward1.ca,0
ON-clarington-council-w02-sanchez-b,Bernard Sanchez,ON-clarington-council-w02,"Clarington, Municipality of",councillor,https://voteforbernardsanchez.com,0
ON-clarington-council-w02-aucoin-c,Chris Aucoin,ON-clarington-council-w02,"Clarington, Municipality of",councillor,https://votechrisaucoin.ca,0
ON-clarington-mayor-dingwall-t,Tom Dingwall,ON-clarington-mayor,"Clarington, Municipality of",mayor,https://tomdingwall.ca,2412
ON-clarington-regional-councillor-w01-02-anderson-g,Granville Anderson,ON-clarington-regional-councillor-w01-02,"Clarington, Municipality of",regional_councillor,https://granvilleanderson.ca,0
ON-clarington-regional-councillor-w03-04-nair-k,Kannan Nair,ON-clarington-regional-councillor-w03-04,"Clarington, Municipality of",regional_councillor,https://kannannair.ca,0
ON-clarington-trustee-kprdsb-mcaleer-k,Kurtis McAleer,ON-clarington-trustee-kprdsb,"Clarington, Municipality of",trustee,http://www.KurtisMcAleer.ca,0
ON-clarington-trustee-pvnccdsb-mackenzie-k,Kevin MacKenzie,ON-clarington-trustee-pvnccdsb,"Clarington, Municipality of",trustee,https://about.me/kevinamackenzie,0
ON-clearview-mayor-measures-d,Doug Measures,ON-clearview-mayor,"Clearview, Township of",mayor,https://dougmeasures.com,1490
ON-cobourg-mayor-beatty-n,Nicole Beatty,ON-cobourg-mayor,"Cobourg, Town of",mayor,https://www.nicolebeatty.ca,2374
ON-cornwall-council-at-large-riley-j,Jason Riley,ON-cornwall-council-at-large,"Cornwall, City of",councillor,https://votejasonriley.ca,1380
ON-BD-ncdsb-trustee-dryden-M,Peter Marshall,ON-BD-ncdsb-trustee-dryden,"Dryden, City of",trustee,https://jmarshall.dsbn.org/school-council,0
ON-dutton-dunwich-mayor-henry-dryfhout,Henry Dryfhout,ON-dutton-dunwich-mayor,"Dutton/Dunwich, Municipality of",mayor,https://votehenry.ca,375
ON-east-ferris-council-demers-d,Dean Demers,ON-east-ferris-council,"East Ferris, Municipality of",councillor,https://deandemersforcouncil.com,0
ON-east-gwillimbury-council-w01-carruthers-l,Loralea Carruthers,ON-east-gwillimbury-council-w01,"East Gwillimbury, Town of",councillor,https://www.loralea.ca,0
ON-east-gwillimbury-council-w02-petejan-j,John Petejan,ON-east-gwillimbury-council-w02,"East Gwillimbury, Town of",councillor,https://johnpetejan.com/platform,604
ON-east-gwillimbury-council-w03-butterworth-c,Carolyn Butterworth,ON-east-gwillimbury-council-w03,"East Gwillimbury, Town of",councillor,https://www.carolynbutterworth.ca,1182
ON-east-gwillimbury-council-w03-glenn-c,Christine Glenn,ON-east-gwillimbury-council-w03,"East Gwillimbury, Town of",councillor,https://www.christineglenn.ca/,0
ON-east-gwillimbury-mayor-johns-b,Brian Johns,ON-east-gwillimbury-mayor,"East Gwillimbury, Town of",mayor,https://brianjohns.ca/news,0
ON-erin-council-at-large-aylard-c,Cathy Aylard,ON-erin-council-at-large,"Erin, Town of",councillor,https://www.cathyaylard.ca/,0
ON-essa-mayor-logreco-f,Francesco Lo Greco,ON-essa-mayor,"Essa, Township of",mayor,https://francescologrecoformayor.com,0
ON-essex-town-mayor-bondy-s,Sherry Bondy,ON-essex-town-mayor,"Essex, Town of",mayor,https://sherrybondy.com,4839
ON-fort-erie-council-w04-christensen-j,Joan Christensen,ON-fort-erie-council-w04,"Fort Erie, Town of",councillor,https://votejoanchristensen.ca,2060
ON-fort-erie-mayor-liu-j,Juan LIU,ON-fort-erie-mayor,"Fort Erie, Town of",mayor,https://wwwhll.com,24629
ON-fort-erie-mayor-insinna-t,Tom INSINNA,ON-fort-erie-mayor,"Fort Erie, Town of",mayor,https://tominsinna4forterie.ca,0
ON-georgian-bay-council-district-wards1-3-laurie-russell,Laurie Russell,ON-georgian-bay-council-district-wards1-3,"Georgian Bay, Township of",regional_councillor,https://laurierussell.ca/news,585
ON-georgian-bay-council-ward1-steven-predko,Steven Predko,ON-georgian-bay-council-ward1,"Georgian Bay, Township of",councillor,http://steve.predko.ca/,0
ON-georgian-bay-council-ward4-allan-hazelton,Allan Hazelton,ON-georgian-bay-council-ward4,"Georgian Bay, Township of",councillor,https://allanhazelton.ca/,0
ON-georgian-bluffs-mayor-carleton-s,Susan (Sue) Carleton,ON-georgian-bluffs-mayor,"Georgian Bluffs, Township of",mayor,https://www.suecarleton.ca,0
ON-georgina-council-w03-edge-a,Andrew Edge,ON-georgina-council-w03,"Georgina, Town of",councillor,https://andrewedge.ca,772
ON-georgina-council-w05-wolfe-k,Karen Wolfe,ON-georgina-council-w05,"Georgina, Town of",councillor,https://www.karenwolfe4ward5.ca,3976
ON-goderich-deputy-mayor-carroll-r,Randy Carroll,ON-goderich-deputy-mayor,"Goderich, Town of",deputy_mayor,https://www.randycarroll.ca,0
ON-gravenhurst-council-w05-kilbourne-t,Tina Kilbourne,ON-gravenhurst-council-w05,"Gravenhurst, Town of",councillor,https://christinakilbourne.com,0
ON-gravenhurst-district-councillor-hollingshead-j,Jaden Hollingshead,ON-gravenhurst-district-councillor,"Gravenhurst, Town of",regional_councillor,https://jadenhollingshead.ca,0
ON-greater-madawaska-councillor-ward1-rob-tripp,Rob Tripp,ON-greater-madawaska-councillor-ward1,"Greater Madawaska, Township of",councillor,https://www.robtripp.ca/meetrob,375
ON-greater-sudbury-council-w02-benoit-e,Eric Benoit,ON-greater-sudbury-council-w02,"Greater Sudbury, City of",councillor,https://www.eric4ward2.ca,0
ON-greater-sudbury-council-w09-gasparini-c,Carly Gasparini,ON-greater-sudbury-council-w09,"Greater Sudbury, City of",councillor,https://www.carlygasparini.ca/,0
ON-greater-sudbury-council-w10-stopciati-p,Paul Stopciati,ON-greater-sudbury-council-w10,"Greater Sudbury, City of",councillor,http://electpaulstopciati.ca,0
ON-greater-sudbury-council-w10-seiling-s,Suzanne Seiling,ON-greater-sudbury-council-w10,"Greater Sudbury, City of",councillor,https://www.votesuzanne.ca,461
ON-grey-highlands-deputy-mayor-loughead-j,Joel Loughead,ON-grey-highlands-deputy-mayor,"Grey Highlands, Municipality of",deputy_mayor,https://www.joelloughead.com,198
ON-grimsby-council-w01-smeenk-m,Margot Smeenk,ON-grimsby-council-w01,"Grimsby, Town of",councillor,https://www.think.smeenk.ca,0
ON-guelph-council-w01-dan-gibson,Dan Gibson,ON-guelph-council-w01,"Guelph, City of",councillor,https://www.ward1guelph.ca,2405
ON-guelph-council-w01-evan-silva,Evan Silva,ON-guelph-council-w01,"Guelph, City of",councillor,https://evan4guelph.ca/platform/affordable,1162
ON-guelph-council-w01-mustafa-zuberi,Mustafa Zuberi,ON-guelph-council-w01,"Guelph, City of",councillor,https://Mustafa4Ward1.ca,894
ON-guelph-council-w02-alec-purves,Alec Purves,ON-guelph-council-w02,"Guelph, City of",councillor,https://alecpurves2026.com,813
ON-guelph-council-w02-rodrigo-goller,Rodrigo Goller,ON-guelph-council-w02,"Guelph, City of",councillor,https://goller4ward2.ca,0
ON-guelph-council-w03-phil-allt,Phil Allt,ON-guelph-council-w03,"Guelph, City of",councillor,https://philallt.ca/issues/supporting-our-community-the-role-of-the-food-bank,9893
ON-guelph-council-w03-ross-jennings,Ross Jennings,ON-guelph-council-w03,"Guelph, City of",councillor,https://www.rossforward3.ca/,420
ON-guelph-council-w04-brendan-clark,Brendan Clark,ON-guelph-council-w04,"Guelph, City of",councillor,https://www.brendanclark.ca,4097
ON-guelph-council-w05-dakota-cherry,Dakota Cherry,ON-guelph-council-w05,"Guelph, City of",councillor,https://www.dakotacherry.ca,0
ON-guelph-council-w05-james-doran,James Doran,ON-guelph-council-w05,"Guelph, City of",councillor,https://jamesdoran.ca,0
ON-guelph-council-w05-jon-christensen,Jon Christensen,ON-guelph-council-w05,"Guelph, City of",councillor,https://jonchristensen.ca/priorities,5289
ON-guelph-council-w05-michael-agueci,Michael Agueci,ON-guelph-council-w05,"Guelph, City of",councillor,https://michaelforguelph.ca,0
ON-guelph-council-w06-rebecca-adam,Rebecca Adam,ON-guelph-council-w06,"Guelph, City of",councillor,https://www.voterebeccaadam.ca/,0
ON-guelph-council-w06-shane-coulis,Shane Coulis,ON-guelph-council-w06,"Guelph, City of",councillor,https://www.shanecoulis.ca,724
ON-guelph-mayor-caron-l,Leanne Caron,ON-guelph-mayor,"Guelph, City of",mayor,https://leannecaron.ca,3052
ON-guelph-mayor-meunier-r,Ryan Meunier,ON-guelph-mayor,"Guelph, City of",mayor,https://meunierformayor.ca,722
ON-BD-ugdsb-trustee-guelph-eramosa-edwards-j,Jen Edwards,ON-BD-ugdsb-trustee-guelph-eramosa,"Guelph/Eramosa, Township of",trustee,https://jenedwards4trustee.weebly.com,567
ON-haldimand-county-council-w04-dalimonte-t,Tony Dalimonte,ON-haldimand-county-council-w04,Haldimand County,councillor,https://www.tonydalimonte.ca,0
ON-haldimand-county-mayor-griffin-a,Andy Griffin,ON-haldimand-county-mayor,Haldimand County,mayor,https://www.griffinformayor.ca,366
ON-halton-hills-council-w02-dragicevic-d,Daniel Dragicevic,ON-halton-hills-council-w02,"Halton Hills, Town of",councillor,https://www.danield.ca/commitments.php,2947
ON-halton-hills-council-w02-paige-k,Ken Paige,ON-halton-hills-council-w02,"Halton Hills, Town of",councillor,https://www.kenpaige.ca/,0
ON-halton-hills-council-w02-kindbom-m,Matt Kindbom,ON-halton-hills-council-w02,"Halton Hills, Town of",councillor,https://votekindbom.com,3666
ON-halton-hills-council-w03-bergsma-a,Anita Bergsma,ON-halton-hills-council-w03,"Halton Hills, Town of",councillor,https://anitabergsma.com,0
ON-halton-hills-mayor-lawlor-a,Ann Lawlor,ON-halton-hills-mayor,"Halton Hills, Town of",mayor,https://re-electlawlor.ca,0
ON-halton-hills-regional-councillor-w03-04-garneau-c,Chantal Garneau,ON-halton-hills-regional-councillor-w03-04,"Halton Hills, Town of",regional_councillor,https://www.votegarneau.ca,0
ON-hamilton-city-council-w01-wilson-m,Maureen Wilson,ON-hamilton-city-council-w01,"Hamilton, City of",councillor,https://www.maureenwilson.ca,2673
ON-hamilton-city-council-w02-abdulkarim-e,Eisham Abdulkarim,ON-hamilton-city-council-w02,"Hamilton, City of",councillor,https://sites.google.com/view/eisham-for-ward-2?usp=sharing,11646
ON-hamilton-city-council-w03-cayuga-c,Christine Cayuga,ON-hamilton-city-council-w03,"Hamilton, City of",councillor,https://christinecayugaward3.com,0
ON-hamilton-city-council-w03-nann-n,Nrinder Nann,ON-hamilton-city-council-w03,"Hamilton, City of",councillor,https://nrinder.ca,0
ON-hamilton-city-council-w04-hwang-t,Tammy Hwang,ON-hamilton-city-council-w04,"Hamilton, City of",councillor,https://tammyhwang.ca,9020
ON-hamilton-city-council-w05-francis-m,Matt Francis,ON-hamilton-city-council-w05,"Hamilton, City of",councillor,https://www.mattfrancisward5.ca,0
ON-hamilton-city-council-w06-werhun-p,Peter Werhun,ON-hamilton-city-council-w06,"Hamilton, City of",councillor,https://pete46.ca,0
ON-hamilton-city-council-w06-jackson-t,Tom Jackson,ON-hamilton-city-council-w06,"Hamilton, City of",councillor,https://www.tomjacksonward6.ca,0
ON-hamilton-city-council-w07-pauls-e,Esther Pauls,ON-hamilton-city-council-w07,"Hamilton, City of",councillor,https://www.reelectestherpauls.com,0
ON-hamilton-city-council-w09-gill-a,Abhijeet Gill,ON-hamilton-city-council-w09,"Hamilton, City of",councillor,https://Ward9Gill.ca,105
ON-hamilton-city-council-w09-clark-b,Brad Clark,ON-hamilton-city-council-w09,"Hamilton, City of",councillor,https://bradclarkreport.com/welcome-to-ward-9,2225
ON-hamilton-city-council-w09-walker-e,Eileen Walker,ON-hamilton-city-council-w09,"Hamilton, City of",councillor,https://voteeileenwalker.com,1306
ON-hamilton-city-council-w10-beattie-j,Jeff Beattie,ON-hamilton-city-council-w10,"Hamilton, City of",councillor,https://hesc.ontariopc.ca,0
ON-hamilton-city-council-w10-fung-o,Olivia Fung,ON-hamilton-city-council-w10,"Hamilton, City of",councillor,http://www.oliviafung.ca,0
ON-hamilton-city-council-w12-cassar-c,Craig Cassar,ON-hamilton-city-council-w12,"Hamilton, City of",councillor,https://www.craigcassar.ca,1247
ON-hamilton-city-council-w14-damptey-k,Kojo Damptey,ON-hamilton-city-council-w14,"Hamilton, City of",councillor,https://www.kojoforward14.ca,8368
ON-hamilton-city-council-w15-stewart-c,Colleen Stewart,ON-hamilton-city-council-w15,"Hamilton, City of",councillor,https://colleenstewart.ca,0
ON-hamilton-city-council-w15-mcmeekin-t,Ted McMeekin,ON-hamilton-city-council-w15,"Hamilton, City of",councillor,https://www.tedmcmeekin4ward15.ca,0
ON-hamilton-city-mayor-gillespie-s,Scarlett Gillespie,ON-hamilton-city-mayor,"Hamilton, City of",mayor,https://scarlettformayor.ca,4348
ON-hamilton-township-council-chatten-j,Jay Chatten,ON-hamilton-township-council,"Hamilton, Township of",councillor,https://www.jaychatten.com/,852
ON-highlands-east-council-ward2-cardiff-jo-anne-gould-green,Jo-Anne Gould-Green,ON-highlands-east-council-ward2-cardiff,"Highlands East, Municipality of",councillor,https://vote-green.click,0
ON-highlands-east-mayor-mike-killingsworth,Mike Killingsworth,ON-highlands-east-mayor,"Highlands East, Municipality of",mayor,https://mikekillingsworth.substack.com/p/a-message-from-the-heart-investing,0
ON-huntsville-council-district-town-ward-r,Rod Ward,ON-huntsville-council-district-town,"Huntsville, Town of",regional_councillor,https://4huntsvillemuskoka.ca,634
ON-ingersoll-council-at-large-C,Matthew Chambers,ON-ingersoll-council-at-large,"Ingersoll, Town of",councillor,https://matthewchambers.ndp.ca,0
ON-kawartha-lakes-council-w03-perry-m,Mike Perry,ON-kawartha-lakes-council-w03,"Kawartha Lakes, City of",councillor,https://www.mikeperry.ca,1232
ON-kawartha-lakes-council-w04-bhat-g,Guru Bhat,ON-kawartha-lakes-council-w04,"Kawartha Lakes, City of",councillor,https://gurubhat.ca,0
ON-kawartha-lakes-council-w05-doble-m,Mark Doble,ON-kawartha-lakes-council-w05,"Kawartha Lakes, City of",councillor,https://www.markdoblecampaign.ca,1306
ON-king-council-w01-mohar-a,Abrar Mohar,ON-king-council-w01,"King, Township of",councillor,https://abrarmohar.ca,1233
ON-king-council-w01-cescolini-j,Jordan Alexander Cescolini,ON-king-council-w01,"King, Township of",councillor,https://www.jordan4ward1.ca/,0
ON-king-council-w03-anstey-j,Jennifer Anstey,ON-king-council-w03,"King, Township of",councillor,https://www.jenniferanstey.ca/,0
ON-king-council-w04-mastromattei-f,Frank Mastromattei,ON-king-council-w04,"King, Township of",councillor,https://frank4ward4.ca,523
ON-king-council-w04-asselstine-m,Mary Asselstine,ON-king-council-w04,"King, Township of",councillor,https://www.maryasselstine.ca/,0
ON-king-mayor-pellegrini-s,Steve Pellegrini,ON-king-mayor,"King, Township of",mayor,https://stevepellegrini.com,1244
ON-kingston-council-w01-joseph-abreu,Joseph Abreu,ON-kingston-council-w01,"Kingston, City of",councillor,https://www.josephabreu.ca/,0
ON-kingston-council-w01-vic-sahai,Vic Sahai,ON-kingston-council-w01,"Kingston, City of",councillor,https://vicsahai4kingston.com,0
ON-kingston-council-w02-dorian-hartley,Dorian Hartley,ON-kingston-council-w02,"Kingston, City of",councillor,https://www.dorianforkingston.ca,1114
ON-kingston-council-w02-jeff-pearce,Jeff Pearce,ON-kingston-council-w02,"Kingston, City of",councillor,https://jeffpearceforcouncil.ca,0
ON-kingston-council-w03-lisa-osanic,Lisa Osanic,ON-kingston-council-w03,"Kingston, City of",councillor,http://lisaosanic.ca,1198
ON-kingston-council-w04-wendy-stephen,Wendy Stephen,ON-kingston-council-w04,"Kingston, City of",councillor,https://wendystephen.com/about-wendy,0
ON-kingston-council-w05-don-amos,Don Amos,ON-kingston-council-w05,"Kingston, City of",councillor,https://www.donamos4portsmouth.ca/,0
ON-kingston-council-w06-jamshed-hassan,Jamshed Hassan,ON-kingston-council-w06,"Kingston, City of",councillor,http://www.jimmyhassan.ca,626
ON-kingston-council-w07-brandon-tozzo,Brandon Tozzo,ON-kingston-council-w07,"Kingston, City of",councillor,https://brandontozzo.ca/brandons-priorities,578
ON-kingston-council-w07-michael-judd,Michael Judd,ON-kingston-council-w07,"Kingston, City of",councillor,https://www.michaeljudd4u.ca/big-issues/alto-what-we-dont-know,2835
ON-kingston-council-w08-daria-juudi-hope,Daria Juudi-Hope,ON-kingston-council-w08,"Kingston, City of",councillor,https://votedaria.ca,1177
ON-kingston-council-w08-jeff-mclaren,Jeff McLaren,ON-kingston-council-w08,"Kingston, City of",councillor,https://jeffmclaren.ca,9802
ON-kingston-council-w10-andrew-dacosta,Andrew DaCosta,ON-kingston-council-w10,"Kingston, City of",councillor,https://andrewforcouncil.ca,4019
ON-kingston-council-w10-annie-palone,Annie Palone,ON-kingston-council-w10,"Kingston, City of",councillor,https://www.apalonedesign.com/teamannie,0
ON-kingston-council-w10-john-meligrana,John Meligrana,ON-kingston-council-w10,"Kingston, City of",councillor,https://www.john4sydenham.com/,294
ON-kingston-council-w10-rajesh-kumar,Rajesh Kumar,ON-kingston-council-w10,"Kingston, City of",councillor,https://www.kumar4kingston.ca,1248
ON-kingston-council-w11-greg-ridge,Greg Ridge,ON-kingston-council-w11,"Kingston, City of",councillor,https://www.gregoryridge.ca/,0
ON-kingston-council-w12-chelsea-rae,Chelsea Rae,ON-kingston-council-w12,"Kingston, City of",councillor,https://www.chelsearae.ca/,0
ON-kingston-council-w12-matt-mctaggart,Matt McTaggart,ON-kingston-council-w12,"Kingston, City of",councillor,https://www.mattmctaggart.ca/,0
ON-kingston-council-w12-zachary-typhair,Zachary Typhair,ON-kingston-council-w12,"Kingston, City of",councillor,https://zacharytyphair.ca,0
ON-kingston-mayor-paterson-b,Bryan Paterson,ON-kingston-mayor,"Kingston, City of",mayor,https://www.bryan4mayor.ca,2682
ON-kingston-mayor-glenn-c,Conny Glenn,ON-kingston-mayor,"Kingston, City of",mayor,https://www.connyglenn.ca,675
ON-kingston-mayor-mensah-v,Vanessa Mensah,ON-kingston-mayor,"Kingston, City of",mayor,https://www.vanessamensahforkingston.ca/,867
ON-kingsville-deputy-mayor-brando-r,Robert Brando,ON-kingsville-deputy-mayor,"Kingsville, Town of",deputy_mayor,https://www.brandofordeputy.ca,691
ON-kingsville-mayor-nallaratnam-r,Roshan Nallaratnam,ON-kingsville-mayor,"Kingsville, Town of",mayor,https://roshannallaratnam.com,1642
ON-BD-wrdsb-trustee-kitchener-taghizadeh-heroux-s,Sara Taghizadeh-Heroux,ON-BD-wrdsb-trustee-kitchener,"Kitchener, City of",trustee,https://saraheroux.com/,0
ON-kitchener-council-ward10-nabi-s,Sam Nabi,ON-kitchener-council-ward10,"Kitchener, City of",councillor,https://samnabi.ca,1221
ON-kitchener-council-ward10-stretch-s,Stephanie Stretch,ON-kitchener-council-ward10,"Kitchener, City of",councillor,https://stephaniestretch.ca/official-plan-faq,771
ON-kitchener-council-ward2-schnider-d,Dave Schnider,ON-kitchener-council-ward2,"Kitchener, City of",councillor,https://www.daveschnider.com/about-dave.html,2142
ON-kitchener-council-ward3-deneault-j,Jason Deneault,ON-kitchener-council-ward3,"Kitchener, City of",councillor,https://www.votedeneault3.ca/about,0
ON-kitchener-council-ward4-kappaya-i,Ibraheem Kappaya,ON-kitchener-council-ward4,"Kitchener, City of",councillor,https://www.kappaya4kitchener.com,0
ON-kitchener-council-ward5-rose-d,Danielle Rose,ON-kitchener-council-ward5,"Kitchener, City of",councillor,https://daniellerosekw.ca/about,0
ON-kitchener-council-ward5-massimi-j,Jon Massimi,ON-kitchener-council-ward5,"Kitchener, City of",councillor,http://jonfor5.ca,1196
ON-kitchener-council-ward5-nair-n,Nitin Nair,ON-kitchener-council-ward5,"Kitchener, City of",councillor,https://nairforward.ca,1186
ON-kitchener-council-ward5-peers-r,Rich Peers,ON-kitchener-council-ward5,"Kitchener, City of",councillor,https://richpeers.ca/about,0
ON-kitchener-council-ward8-pettinger-c,Carly Pettinger,ON-kitchener-council-ward8,"Kitchener, City of",councillor,https://votecarly.ca,0
ON-kitchener-council-ward9-chapman-d,Debbie Chapman,ON-kitchener-council-ward9,"Kitchener, City of",councillor,https://www.debbiechapman.ca/,0
ON-kitchener-mayor-alton-d,David Alton,ON-kitchener-mayor,"Kitchener, City of",mayor,https://www.davidalton.org,0
ON-lasalle-council-at-large-seguin-m,Mike Seguin,ON-lasalle-council-at-large,"LaSalle, Town of",councillor,https://mikeseguin.ca/,0
ON-lakeshore-mayor-sinjari-s,Sam Sinjari,ON-lakeshore-mayor,"Lakeshore, Municipality of",mayor,https://votesam.ca,0
ON-lakeshore-mayor-bailey-t,Tracey Bailey,ON-lakeshore-mayor,"Lakeshore, Municipality of",mayor,https://votetraceybaileymayor.ca,0
ON-larder-lake-council-paquette-a,Aaron Paquette,ON-larder-lake-council,"Larder Lake, Township of",councillor,https://aaronpaquette.ca/platform,6015
ON-lincoln-mayor-reimer-g,Greg Reimer,ON-lincoln-mayor,"Lincoln, Town of",mayor,https://gregreimer.ca,0
ON-BD-csviamonde-trustee-sector9-barrima-r,Rachid Barrima,ON-BD-csviamonde-trustee-sector9,"London, City of",trustee,https://www.rachidbarrima.ca,0
ON-london-council-w01-hadleigh-mcalister,Hadleigh McAlister,ON-london-council-w01,"London, City of",councillor,https://hadleighmcalisterward1.com/platform,1226
ON-london-council-w02-shawn-lewis,Shawn Lewis,ON-london-council-w02,"London, City of",councillor,https://www.shawnlewis.ca,1117
ON-london-council-w02-zack-ramsey,Zack Ramsey,ON-london-council-w02,"London, City of",councillor,https://www.zackramsey.ca/policy-ideas,1183
ON-london-council-w03-ben-durham,Ben Durham,ON-london-council-w03,"London, City of",councillor,https://bendurham.ca,5122
ON-london-council-w04-bob-wright,Bob Wright,ON-london-council-w04,"London, City of",councillor,https://campaignhq.ca/bobwrightforward4/site,0
ON-london-council-w04-mario-jozic,Mario Jozic,ON-london-council-w04,"London, City of",councillor,https://mariojozic.ca,777
ON-london-council-w04-tom-cull,Tom Cull,ON-london-council-w04,"London, City of",councillor,https://www.votetomcull.ca,0
ON-london-council-w05-corrine-rahman,Corrine Rahman,ON-london-council-w05,"London, City of",councillor,https://www.Corrinerahman.ca,0
ON-london-council-w06-sam-trosow,Sam Trosow,ON-london-council-w06,"London, City of",councillor,https://VoteTrosow.ca/about,794
ON-london-council-w06-stephanie-marentette,Stephanie Marentette,ON-london-council-w06,"London, City of",councillor,https://stephmward6.ca,2371
ON-london-council-w07-german-gutierrez,German Gutierrez,ON-london-council-w07,"London, City of",councillor,https://germangutierrez.ca,0
ON-london-council-w07-kamrul-ahsan,Kamrul Ahsan,ON-london-council-w07,"London, City of",councillor,https://afmkamrulahsan.ca,0
ON-london-council-w07-sam-hajar,Sam Hajar,ON-london-council-w07,"London, City of",councillor,https://www.pinterest.com/samhajar2,0
ON-london-council-w08-coralia-esterra-tudor,Coralia Esterra Tudor,ON-london-council-w08,"London, City of",councillor,https://votetudor.ca,4309
ON-london-council-w09-anna-hopkins,Anna Hopkins,ON-london-council-w09,"London, City of",councillor,https://reelectanna.ca,0
ON-london-council-w09-luke-thomas,Luke Thomas,ON-london-council-w09,"London, City of",councillor,https://www.lukethomas.ca/,0
ON-london-council-w10-alexander-moore,Alexander Moore,ON-london-council-w10,"London, City of",councillor,https://www.alexmooreward10.ca/,0
ON-london-council-w11-harinder-kumar,Harinder Kumar,ON-london-council-w11,"London, City of",councillor,https://harinderkumar.ca,0
ON-london-council-w11-skylar-franke,Skylar Franke,ON-london-council-w11,"London, City of",councillor,https://www.skylarfranke.ca,0
ON-london-council-w12-alexander-main,Alexander Main,ON-london-council-w12,"London, City of",councillor,https://alexmain.ca/meet-alex,411
ON-london-council-w12-elizabeth-peloza,Elizabeth Peloza,ON-london-council-w12,"London, City of",councillor,https://www.elizabethpeloza.ca,0
ON-london-council-w13-nicholas-saika-voivod,Nicholas Saika-Voivod,ON-london-council-w13,"London, City of",councillor,https://Nsvlondon.ca,0
ON-london-council-w14-jason-king,Jason King,ON-london-council-w14,"London, City of",councillor,https://jasonwking.ca/Home?siteID=17404&pageID=210221&originalPath=%2F,3731
ON-london-council-w14-sarah-lehman,Sarah Lehman,ON-london-council-w14,"London, City of",councillor,https://votesarahlehman.ca/priorities,1878
ON-london-mayor-howe-l,Lawrence-Zachary Howe,ON-london-mayor,"London, City of",mayor,https://lawrencezachary.ca,0
ON-london-mayor-zeboon-m,Mustafa Zeboon,ON-london-mayor,"London, City of",mayor,https://zebuunformayor.ca,1951
ON-london-mayor-stevenson-s,Susan Stevenson,ON-london-mayor,"London, City of",mayor,https://votesusanstevenson.ca,0
ON-loyalist-deputy-mayor-proderick-p,Paul Proderick,ON-loyalist-deputy-mayor,"Loyalist, Township of",deputy_mayor,https://www.paulproderick.com,0
ON-malahide-council-w04-anderson-a,April Anderson,ON-malahide-council-w04,"Malahide, Township of",councillor,https://www.aprilanderson.ca,0
ON-BD-ycdsb-trustee-markham-w04-w05-w07-w08-zhou-y,Yan Zhou,ON-BD-ycdsb-trustee-markham-w04-w05-w07-w08,"Markham, City of",trustee,https://yanzhoueducation.ca,10383
ON-BD-yrdsb-trustee-markham-w01-w08-liu-w,Wen Liu,ON-BD-yrdsb-trustee-markham-w01-w08,"Markham, City of",trustee,https://votewenliu.ca,0
ON-BD-yrdsb-trustee-markham-w03-w04-law-e,Ed Law,ON-BD-yrdsb-trustee-markham-w03-w04,"Markham, City of",trustee,https://www.trusteelaw.ca/,0
ON-BD-yrdsb-trustee-markham-w05-w07-chen-m,Michael Chen,ON-BD-yrdsb-trustee-markham-w05-w07,"Markham, City of",trustee,https://www.votemichaelchen.ca,2646
ON-markham-council-w01-irish-k,Keith Irish,ON-markham-council-w01,"Markham, City of",councillor,https://keithirish.ca,0
ON-markham-council-w03-lynn-r,Ron Lynn,ON-markham-council-w03,"Markham, City of",councillor,https://www.ronlynn.ca,0
ON-markham-council-w04-rea-k,Karen Rea,ON-markham-council-w04,"Markham, City of",councillor,https://www.karenrea.ca,0
ON-markham-regional-councillor-at-large-ho-a,Alan Ho,ON-markham-regional-councillor-at-large,"Markham, City of",regional_councillor,https://www.re-elect-alanho.ca/,190
ON-markham-regional-councillor-at-large-jones-j,Jim Jones,ON-markham-regional-councillor-at-large,"Markham, City of",regional_councillor,https://www.jimjones.ca/home,0
ON-markstay-warren-mayor-dave-boland,Dave Boland,ON-markstay-warren-mayor,"Markstay-Warren, Municipality of",mayor,https://davebolandmw.ca/municipal-news,3455
ON-meaford-council-at-large-ennis-e,Eric ENNIS,ON-meaford-council-at-large,"Meaford, Municipality of",councillor,https://www.ericennis.ca,0
ON-midland-mayor-gordon-w,William (Bill) Gordon,ON-midland-mayor,"Midland, Town of",mayor,https://www.billgordon.ca,6233
ON-milton-council-w01-gray-o,Owen Gray,ON-milton-council-w01,"Milton, Town of",councillor,https://owengray.ca,0
ON-milton-council-w02-jamal-a,Ahmad Jamal,ON-milton-council-w02,"Milton, Town of",councillor,https://www.ahmadjamal.ca,0
ON-milton-council-w02-cassells-m,Melissa Cassells,ON-milton-council-w02,"Milton, Town of",councillor,https://www.voteformelissa.ca,0
ON-milton-council-w03-gupta-s,Sanjay Gupta,ON-milton-council-w03,"Milton, Town of",councillor,https://sanjayformilton.ca,0
ON-milton-council-w04-nwosu-a,Ada Nwosu,ON-milton-council-w04,"Milton, Town of",councillor,https://www.voteada.ca,0
ON-milton-council-w04-malik-g,Ginni Malik,ON-milton-council-w04,"Milton, Town of",councillor,https://ginnimalik.com,317
ON-milton-mayor-ahmed-m,Maliha K. Ahmed,ON-milton-mayor,"Milton, Town of",mayor,https://malihaformilton.ca,0
ON-milton-regional-councillor-w02-naidoo-harris-g,Galen Naidoo Harris,ON-milton-regional-councillor-w02,"Milton, Town of",regional_councillor,https://galenformilton.ca,1043
ON-milton-regional-councillor-w02-challinor-j,John Challinor,ON-milton-regional-councillor-w02,"Milton, Town of",regional_councillor,https://johnchallinor.ca,2019
ON-milton-regional-councillor-w03-iqbal-h,Haris Iqbal,ON-milton-regional-councillor-w03,"Milton, Town of",regional_councillor,https://www.harisiqbal.ca,0
ON-milton-regional-councillor-w03-ijaz-s,Sammy Ijaz,ON-milton-regional-councillor-w03,"Milton, Town of",regional_councillor,https://sammyijaz.ca,1300
ON-milton-trustee-hdsb-w01-02-metwally-k,Khdiga R Metwally,ON-milton-trustee-hdsb-w01-02,"Milton, Town of",trustee,https://www.votefordrkmetwally.ca/priorities,199
ON-milton-trustee-hdsb-w03-04-henry-l,Letitia Henry,ON-milton-trustee-hdsb-w03-04,"Milton, Town of",trustee,https://sites.google.com/view/letitia-henry-msc-phdcc/home,303
ON-BD-pdsb-trustee-w06-w11-singh-s,Shashi Singh,ON-BD-pdsb-trustee-w06-w11,"Mississauga, City of",trustee,https://www.shashisingh.ca,0
ON-BD-pdsb-trustee-w09-w10-daljitsingh,Daljit Singh,ON-BD-pdsb-trustee-w09-w10,"Mississauga, City of",trustee,https://votedaljit.net,0
ON-mississauga-council-w01-dasko-s,Stephen Dasko,ON-mississauga-council-w01,"Mississauga, City of",councillor,https://www.stephendasko.com/ward-1-news,32968
ON-mississauga-council-w02-carroll-m,Michael Carroll,ON-mississauga-council-w02,"Mississauga, City of",councillor,https://michaelcarroll.ca,1396
ON-mississauga-council-w03-fonseca-c,Chris Fonseca,ON-mississauga-council-w03,"Mississauga, City of",councillor,https://chrisfonseca.ca,10805
ON-mississauga-council-w05-bawa-i,Ismail Bawa,ON-mississauga-council-w05,"Mississauga, City of",councillor,https://www.votebawa.ca,2009
ON-mississauga-council-w06-horneck-j,Joe Horneck,ON-mississauga-council-w06,"Mississauga, City of",councillor,https://joehorneck.ca,3670
ON-mississauga-council-w07-mandadi-k,Keshav Mandadi,ON-mississauga-council-w07,"Mississauga, City of",councillor,https://votemandadi.ca,0
ON-mississauga-council-w07-saeed-n,Naila Saeed,ON-mississauga-council-w07,"Mississauga, City of",councillor,https://nailasaeed.ca,0
ON-mississauga-council-w09-knight-a,Anwar Knight,ON-mississauga-council-w09,"Mississauga, City of",councillor,https://voteanwarknight.ca,0
ON-mississauga-council-w09-reid-m,Martin Reid,ON-mississauga-council-w09,"Mississauga, City of",councillor,https://martinreid.ca,832
ON-mississauga-council-w09-shabbeer-m,Mohammad Shabbeer,ON-mississauga-council-w09,"Mississauga, City of",councillor,https://shabbeerprofile.wordpress.com,0
ON-mississauga-council-w10-mcfadden-s,Sue McFadden,ON-mississauga-council-w10,"Mississauga, City of",councillor,https://reelectsue.ca,0
ON-mississauga-council-w11-butt-b,Brad Butt,ON-mississauga-council-w11,"Mississauga, City of",councillor,https://bradbutt.ca/about,167
ON-muskoka-lakes-council-warda-township-flannigan-r,Rick Flannigan,ON-muskoka-lakes-council-warda-township,"Muskoka Lakes, Township of",councillor,https://www.rickflannigan.ca,1241
ON-muskoka-lakes-mayor-kelley-p,Peter Kelley,ON-muskoka-lakes-mayor,"Muskoka Lakes, Township of",mayor,https://peterkelley.ca/about-peter,294
ON-BD-ycdsb-trustee-newmarket-moore-k,Kevin Moore,ON-BD-ycdsb-trustee-newmarket,"Newmarket, Town of",trustee,https://trustkmoore2.wixsite.com/website-recreate,0
ON-BD-yrdsb-trustee-newmarket-morrison-d,Darlene Morrison,ON-BD-yrdsb-trustee-newmarket,"Newmarket, Town of",trustee,https://darlene4trustee.ca,0
ON-newmarket-council-w01-bahari-n,Nasim Bahari,ON-newmarket-council-w01,"Newmarket, Town of",councillor,https://sites.google.com/view/nasim-bahari/home,0
ON-newmarket-council-w02-marais-g,Glenn Marais,ON-newmarket-council-w02,"Newmarket, Town of",councillor,https://gmarais.ca,1325
ON-newmarket-council-w02-mccarthy-p,Pamela McCarthy,ON-newmarket-council-w02,"Newmarket, Town of",councillor,https://pamelamccarthy.ca,2373
ON-newmarket-council-w03-twinney-j,Jane Twinney,ON-newmarket-council-w03,"Newmarket, Town of",councillor,https://janetwinney.ca,0
ON-newmarket-council-w06-broome-k,Kelly Broome,ON-newmarket-council-w06,"Newmarket, Town of",councillor,https://www.kellybroome.ca,2600
ON-newmarket-council-w07-bisanz-c,Christina Bisanz,ON-newmarket-council-w07,"Newmarket, Town of",councillor,https://bisanz4ward7.com,0
ON-niagara-falls-council-at-large-joedy-burdett,Joedy Burdett,ON-niagara-falls-council-at-large,"Niagara Falls, City of",councillor,https://joedyburdett.com/priorities,2580
ON-niagara-on-the-lake-council-at-large-burroughs-g,Gary Burroughs,ON-niagara-on-the-lake-council-at-large,"Niagara-on-the-Lake, Town of",councillor,https://www.burroughs2026.ca,463
ON-niagara-on-the-lake-council-at-large-miller-w,Weston Miller,ON-niagara-on-the-lake-council-at-large,"Niagara-on-the-Lake, Town of",councillor,https://westonmiller.com,511
ON-niagara-on-the-lake-mayor-kaiser-a,Andrea Kaiser,ON-niagara-on-the-lake-mayor,"Niagara-on-the-Lake, Town of",mayor,https://www.voteandreakaiser.com,517
ON-niagara-on-the-lake-mayor-wiens-e,Erwin Wiens,ON-niagara-on-the-lake-mayor,"Niagara-on-the-Lake, Town of",mayor,https://wiensformayor.ca,1783
ON-niagara-on-the-lake-mayor-goettler-v,Vaughan Goettler,ON-niagara-on-the-lake-mayor,"Niagara-on-the-Lake, Town of",mayor,https://vaughngoettlerforlordmayor.com,0
ON-nipissing-council-chris-j,"JOHNSTON, Chris",ON-nipissing-council,"Nipissing, Township of",councillor,https://chriswjohnston.ca,0
ON-norfolk-county-mayor-milner-k,Keith Milner,ON-norfolk-county-mayor,Norfolk County,mayor,https://keithmilner4mayor.ca,1919
ON-north-algona-wilberforce-councillor-maria-robinson,Maria Robinson,ON-north-algona-wilberforce-councillor,"North Algona Wilberforce, Township of",councillor,https://mariarobinson.ca,0
ON-BD-nearnorth-trustee-north-bay-steer-b,Bill Steer,ON-BD-nearnorth-trustee-north-bay,"North Bay, City of",trustee,https://www.steerto.com/page_id-72,0
ON-BD-npsc-trustee-north-bay-dunkley-d,David Dunkley,ON-BD-npsc-trustee-north-bay,"North Bay, City of",trustee,https://daviddunkley.com,0
ON-north-bay-council-at-large-corbett-c,Caroline Corbett,ON-north-bay-council-at-large,"North Bay, City of",councillor,https://carolinecorbett.ca,0
ON-north-bay-mayor-horsfield-m,Maggie HORSFIELD,ON-north-bay-mayor,"North Bay, City of",mayor,https://www.maggiehorsfield.com/about,0
ON-north-frontenac-mayor-gerry-lichty-2,Gerry Lichty,ON-north-frontenac-mayor,"North Frontenac, Township of",mayor,https://gerrylichty.com,0
ON-north-frontenac-mayor-gerry-lichty,Gerry Lichty,ON-north-frontenac-mayor,"North Frontenac, Township of",mayor,https://gerrylichty.com,0
ON-BD-hdsb-trustee-oakville-w05-w07-zhu-j,Jake Zhu,ON-BD-hdsb-trustee-oakville-w05-w07,"Oakville, Town of",trustee,https://jakezhu.com/,0
ON-oakville-council-w01-henry-a,Amir Henry,ON-oakville-council-w01,"Oakville, Town of",councillor,https://amirhenry.ca,1564
ON-oakville-council-w02-chisholm-r,Ray Chisholm,ON-oakville-council-w02,"Oakville, Town of",councillor,https://www.raychisholm.ca/,1231
ON-oakville-council-w02-waqar-s,Sana Waqar,ON-oakville-council-w02,"Oakville, Town of",councillor,https://www.sanawaqar.ca/,721
ON-oakville-council-w05-adamo-j,Jerome Adamo,ON-oakville-council-w05,"Oakville, Town of",councillor,http://www.jeromelovesourhome.ca,4188
ON-oakville-council-w07-hosny-a,Ali Hosny,ON-oakville-council-w07,"Oakville, Town of",councillor,https://www.votealihosny.ca,2216
ON-oakville-mayor-omeara-s,Sean O'Meara,ON-oakville-mayor,"Oakville, Town of",mayor,https://www.omeara.ca,719
ON-oakville-regional-councillor-w02-perkin-s,Sarah Perkin,ON-oakville-regional-councillor-w02,"Oakville, Town of",regional_councillor,https://www.sarahperkinward2.com/my-plan,318
ON-oakville-regional-councillor-w04-chaudry-k,Kashif Chaudry,ON-oakville-regional-councillor-w04,"Oakville, Town of",regional_councillor,https://www.kashifchaudry.ca,0
ON-oakville-regional-councillor-w07-darar-g,Gaganpreet Darar,ON-oakville-regional-councillor-w07,"Oakville, Town of",regional_councillor,https://gagandarar.ca,3153
ON-orillia-council-w01-smith-w,Whitney Smith,ON-orillia-council-w01,"Orillia, City of",councillor,https://whitneyformayor.ca,0
ON-orillia-mayor-durnford-j,JL Durnford,ON-orillia-mayor,"Orillia, City of",mayor,https://votejl.ca,0
ON-orillia-mayor-smith-w,Whitney Joy Smith,ON-orillia-mayor,"Orillia, City of",mayor,https://whitneyformayor.ca,0
ON-oshawa-council-w01-wisdom-o,Omar Wisdom,ON-oshawa-council-w01,"Oshawa, City of",councillor,https://www.votewisdom.ca,0
ON-oshawa-council-w01-mcconkey-r,Rosemary McConkey,ON-oshawa-council-w01,"Oshawa, City of",councillor,http://www.oshawarosemary.com,4352
ON-oshawa-council-w03-schaffer-m,Matthew Schaffer,ON-oshawa-council-w03,"Oshawa, City of",councillor,https://www.matthewschaffer.ca,1255
ON-oshawa-council-w03-bouma-r,Roger Bouma,ON-oshawa-council-w03,"Oshawa, City of",councillor,https://www.electroger.ca,246
ON-oshawa-council-w04-oldfield-d,Deb Oldfield,ON-oshawa-council-w04,"Oshawa, City of",councillor,https://deboldfield.ca,8015
ON-oshawa-council-w04-rockbrune-d,Don Rockbrune,ON-oshawa-council-w04,"Oshawa, City of",councillor,https://don-rockbrune-ward4-production.up.railway.app,0
ON-oshawa-council-w04-guernsey-e,Eric Guernsey,ON-oshawa-council-w04,"Oshawa, City of",councillor,https://www.electeric.ca,1606
ON-oshawa-council-w04-grant-t,Theresa Grant,ON-oshawa-council-w04,"Oshawa, City of",councillor,https://theresagrant.ca,980
ON-oshawa-council-w05-goyal-s,Siddharth (Sid) Goyal,ON-oshawa-council-w05,"Oshawa, City of",councillor,https://electsidgoyal.ca,2003
ON-oshawa-mayor-giberson-d,Derek Giberson,ON-oshawa-mayor,"Oshawa, City of",mayor,http://derekgiberson.ca,0
ON-oshawa-regional-councillor-w01-biancaniello-c,Christopher Biancaniello,ON-oshawa-regional-councillor-w01,"Oshawa, City of",regional_councillor,https://www.biancaniello4oshawa.ca/,0
ON-oshawa-regional-councillor-w02-marks-b,Bradley Marks,ON-oshawa-regional-councillor-w02,"Oshawa, City of",regional_councillor,https://bradleyjmarks.com,0
ON-oshawa-regional-councillor-w04-davis-j,Jeff Davis,ON-oshawa-regional-councillor-w04,"Oshawa, City of",regional_councillor,https://www.jeff-davis.ca/davis-pledge,0
ON-BD-csdcce-trustee-zone06-elisma-d,David Elisma,ON-BD-csdcce-trustee-zone06,"Ottawa, City of",trustee,https://votonselisma.ca,0
ON-BD-ocdsb-trustee-zone04-mass-b,Benoit Massé,ON-BD-ocdsb-trustee-zone04,"Ottawa, City of",trustee,https://benoitmass2000.blogspot.com,3833
ON-BD-ocsb-trustee-zone10-bonesso-c,Cameron Bonesso,ON-BD-ocsb-trustee-zone10,"Ottawa, City of",trustee,https://www.cam4trustee.ca/,0
ON-ottawa-council-w01-gandolfo-b,Barbara Daniela Gandolfo,ON-ottawa-council-w01,"Ottawa, City of",councillor,https://www.barbaraforcouncil.ca,344
ON-ottawa-council-w02-dudas-l,Laura Dudas,ON-ottawa-council-w02,"Ottawa, City of",councillor,https://voteforlaura.ca,1605
ON-ottawa-council-w03-hill-d,David Hill,ON-ottawa-council-w03,"Ottawa, City of",councillor,https://www.barrhavendavid.ca/,0
ON-ottawa-council-w03-blackburn-d,Donna Blackburn,ON-ottawa-council-w03,"Ottawa, City of",councillor,https://www.donnablackburn.ca,0
ON-ottawa-council-w05-harrison-c,Christine Harrison,ON-ottawa-council-w05,"Ottawa, City of",councillor,https://christineharrison.ca,0
ON-ottawa-council-w05-kelly-c,Clarke Kelly,ON-ottawa-council-w05,"Ottawa, City of",councillor,https://www.voteclarkekelly.ca/,0
ON-ottawa-council-w06-walton-c,Chelsea Walton,ON-ottawa-council-w06,"Ottawa, City of",councillor,https://votechelsea.com,1163
ON-ottawa-council-w06-hua-k,Kevin Hua,ON-ottawa-council-w06,"Ottawa, City of",councillor,https://www.kevinhua.ca,2714
ON-ottawa-council-w06-sharma-m,Mani Sharma,ON-ottawa-council-w06,"Ottawa, City of",councillor,https://nagmanisharma.ca,2712
ON-ottawa-council-w08-johnson-l,Laine Johnson,ON-ottawa-council-w08,"Ottawa, City of",councillor,https://lainejohnson.ca,917
ON-ottawa-council-w10-redins-j,John Redins,ON-ottawa-council-w10,"Ottawa, City of",councillor,https://johnredins.com,0
ON-ottawa-council-w11-milburn-c,Cathryne Milburn,ON-ottawa-council-w11,"Ottawa, City of",councillor,https://cathrynemilburn.com,9769
ON-ottawa-council-w12-plante-s,Stéphanie Plante,ON-ottawa-council-w12,"Ottawa, City of",councillor,https://stephanieplante.ca,100081
ON-ottawa-council-w13-karwacki-p,Peter J. Karwacki,ON-ottawa-council-w13,"Ottawa, City of",councillor,https://peterkarwacki.blogspot.com/2026/08/ai-goverance-issues.html,14298
ON-ottawa-council-w14-troster-a,Ariel Troster,ON-ottawa-council-w14,"Ottawa, City of",councillor,https://ottawacitizen.com/news/controversy-highrise-development,8771
ON-ottawa-council-w14-dekker-r,Robert Dekker,ON-ottawa-council-w14,"Ottawa, City of",councillor,https://robertdekker.ca/why-im-running,2869
ON-ottawa-council-w15-uppal-s,Subhir Uppal,ON-ottawa-council-w15,"Ottawa, City of",councillor,https://www.subhiruppal.com,3349
ON-ottawa-council-w16-brockington-r,Riley Brockington,ON-ottawa-council-w16,"Ottawa, City of",councillor,https://rileybrockington.ca/about,0
ON-ottawa-council-w17-menard-s,Shawn Menard,ON-ottawa-council-w17,"Ottawa, City of",councillor,https://www.menard2026.ca,0
ON-ottawa-council-w18-carr-m,Marty Carr,ON-ottawa-council-w18,"Ottawa, City of",councillor,https://martycarrottawa.ca,17003
ON-ottawa-council-w20-skalski-i,Isabelle Skalski,ON-ottawa-council-w20,"Ottawa, City of",councillor,https://ottawa.ca/en/city-hall/mayor-and-city-councillors/isabelle-skalski-councillor-ward-20-osgoode,0
ON-ottawa-council-w22-desroches-s,Steve Desroches,ON-ottawa-council-w22,"Ottawa, City of",councillor,https://stevedesroches.vote,0
ON-ottawa-council-w23-hubley-a,Allan Hubley,ON-ottawa-council-w23,"Ottawa, City of",councillor,https://www.councillorallanhubley.ca,4734
ON-ottawa-council-w24-lo-w,Wilson Lo,ON-ottawa-council-w24,"Ottawa, City of",councillor,https://wilsonlo.ca,2394
ON-ottawa-mayor-lawson-a,Alex Lawson,ON-ottawa-mayor,"Ottawa, City of",mayor,https://votealex.ca,4480
ON-ottawa-mayor-sutcliffe-m,Mark Sutcliffe,ON-ottawa-mayor,"Ottawa, City of",mayor,https://marksutcliffe2026.ca,0
ON-ottawa-mayor-westaway-p,Peter Westaway,ON-ottawa-mayor,"Ottawa, City of",mayor,https://ctog.ca,710
ON-owen-sound-mayor-zvorygin-a,Andrii ZVORYGIN,ON-owen-sound-mayor,"Owen Sound, City of",mayor,https://helpos.ca/mayor/andrii-zvorygin,127062
ON-papineau-cameron-council-chenier-m,Melanie Chenier,ON-papineau-cameron-council,"Papineau-Cameron, Township of",councillor,https://chenierlaw.ca/about-melanie,2635
ON-parry-sound-council-ashford-g,George Ashford,ON-parry-sound-council,"Parry Sound, Town of",councillor,https://georgeashford.ca,0
ON-parry-sound-mayor-mcgarvey-j,Jamie McGarvey,ON-parry-sound-mayor,"Parry Sound, Town of",mayor,https://jamiemcgarvey.ca,0
ON-pelham-council-w01-olson-w,Wayne Olson,ON-pelham-council-w01,"Pelham, Town of",councillor,https://www.wayne4ward1.ca,748
ON-pelham-council-w03-coyle-k,Kevin Coyle,ON-pelham-council-w03,"Pelham, Town of",councillor,https://kevincoylepelham.ca,0
ON-pelham-mayor-junkin-m,Marvin Junkin,ON-pelham-mayor,"Pelham, Town of",mayor,https://marvinjunkin.ca,433
ON-perth-town-council-at-large-mcrae-i,Isabel Anne McRae,ON-perth-town-council-at-large,"Perth, Town of",councillor,https://www.isabelannemcrae.com/,0
ON-perth-town-mayor-mcrae-i,Isabel Anne McRae,ON-perth-town-mayor,"Perth, Town of",mayor,https://www.isabelannemcrae.com/platform,791
ON-petawawa-council-at-large-kyle-c,Colton Kyle,ON-petawawa-council-at-large,"Petawawa, Town of",councillor,https://www.coltonkyle.ca,125
ON-peterborough-city-council-w01-parnell-l,Lesley Parnell,ON-peterborough-city-council-w01,"Peterborough, City of",councillor,https://re-electlesleyparnell.ca,0
ON-peterborough-city-council-w02-crowley-m,Matt Crowley,ON-peterborough-city-council-w02,"Peterborough, City of",councillor,https://mattcrowleyptbo.com/en/index.html,0
ON-peterborough-city-council-w03-lachica-j,Joy Lachica,ON-peterborough-city-council-w03,"Peterborough, City of",councillor,https://joylachica.com,0
ON-peterborough-city-council-w04-bonner-a,Ashley Bonner,ON-peterborough-city-council-w04,"Peterborough, City of",councillor,https://www.ashleybonner.ca,574
ON-peterborough-city-council-w04-baldwin-g,Gary Baldwin,ON-peterborough-city-council-w04,"Peterborough, City of",councillor,https://www.garybaldwin.ca,0
ON-peterborough-city-council-w05-magumbe-c,Charmaine Magumbe,ON-peterborough-city-council-w05,"Peterborough, City of",councillor,https://charmainemagumbe.wixsite.com/charmaine-magumbe/home-1,0
ON-peterborough-city-council-w05-muir-g,Gavin Muir,ON-peterborough-city-council-w05,"Peterborough, City of",councillor,https://www.gavinmuir.ca/content-1-1-1,1819
ON-peterborough-city-council-w05-jolicoeur-p,Phil Jolicoeur,ON-peterborough-city-council-w05,"Peterborough, City of",councillor,https://www.phillipjolicoeur.ca,2094
ON-peterborough-city-mayor-morton-n,Neil Morton,ON-peterborough-city-mayor,"Peterborough, City of",mayor,https://www.mortonformayor.ca,1403
ON-peterborough-city-mayor-schillemat-r,Rebecca Schillemat,ON-peterborough-city-mayor,"Peterborough, City of",mayor,https://schillemat.ca,904
ON-pickering-council-w01-vadivel-p,Priya Vadivel,ON-pickering-council-w01,"Pickering, City of",councillor,https://priyavadivel.ca,4515
ON-pickering-council-w03-butt-s,Shaheen Butt,ON-pickering-council-w03,"Pickering, City of",councillor,http://www.sbutt.ca,0
ON-pickering-mayor-cornell-d,Doug Cornell,ON-pickering-mayor,"Pickering, City of",mayor,https://www.dougcornellformayor.ca,1462
ON-pickering-mayor-rickard-s,Shaun Rickard,ON-pickering-mayor,"Pickering, City of",mayor,https://shaunrickardformayor.ca,1869
ON-pickering-regional-councillor-w01-brenner-m,Maurice Brenner,ON-pickering-regional-councillor-w01,"Pickering, City of",regional_councillor,https://reelectmauricebrenner.com,1665
ON-pickering-regional-councillor-w02-cook-l,Linda Cook,ON-pickering-regional-councillor-w02,"Pickering, City of",regional_councillor,https://www.lindacook.ca/,0
ON-pickering-regional-councillor-w02-van-rooy-n,Nancy Van Rooy,ON-pickering-regional-councillor-w02,"Pickering, City of",regional_councillor,https://www.nancyvanrooy.com,780
ON-pickering-regional-councillor-w03-pickles-d,David Pickles,ON-pickering-regional-councillor-w03,"Pickering, City of",regional_councillor,http://davidpickles.com,0
ON-port-hope-council-w01-holloway-wadhwani-c,Claire Holloway Wadhwani,ON-port-hope-council-w01,"Port Hope, Municipality of",councillor,https://porthopeclaire.ca,4908
ON-port-hope-mayor-stambrook-d,David STAMBROOK,ON-port-hope-mayor,"Port Hope, Municipality of",mayor,https://davidstambrook.com,0
ON-prince-edward-mayor-margetson-e,Ernest Margetson,ON-prince-edward-mayor,"Prince Edward, County of",mayor,https://www.margetsonformayor.ca/issues,1738
ON-BD-kprdsb-trustee-quinte-west-w1w3-mcquaid-a,Amy McQuaid,ON-BD-kprdsb-trustee-quinte-west-w1w3,"Quinte West, City of",trustee,https://amymcquaid.ca/platform,682
ON-quinte-west-mayor-card-z,Zack Card,ON-quinte-west-mayor,"Quinte West, City of",mayor,http://www.zackcard.ca/,0
ON-renfrew-town-council-miller-s,Scott Miller,ON-renfrew-town-council,"Renfrew, Town of",councillor,https://scottmiller2026.ca,0
ON-BD-yrdsb-trustee-richmond-hill-w01-w02-w04-kolosowski-r,Robert Kolosowski,ON-BD-yrdsb-trustee-richmond-hill-w01-w02-w04,"Richmond Hill, City of",trustee,https://www.robertfortrustee.ca,0
ON-richmond-hill-council-w01-davidson-c,Carol Davidson,ON-richmond-hill-council-w01,"Richmond Hill, City of",councillor,https://www.caroldavidson.ca/,0
ON-richmond-hill-council-w01-nardone-g,Giovanni Nardone,ON-richmond-hill-council-w01,"Richmond Hill, City of",councillor,https://www.giovanninardone.com/,0
ON-richmond-hill-council-w03-yeung-j,Juni Yeung,ON-richmond-hill-council-w03,"Richmond Hill, City of",councillor,https://wordpress.com/typo/?subdomain=junilyeungvotes,0
ON-richmond-hill-council-w04-yoon-d,Danny Yoon,ON-richmond-hill-council-w04,"Richmond Hill, City of",councillor,https://dannyyoon.my.canva.site/,0
ON-richmond-hill-council-w04-weinberg-r,Rose Weinberg,ON-richmond-hill-council-w04,"Richmond Hill, City of",councillor,https://www.roseweinberg.com,0
ON-richmond-hill-council-w04-chisholm-s,Sharon Chisholm,ON-richmond-hill-council-w04,"Richmond Hill, City of",councillor,https://sharonchisholm.com,0
ON-richmond-hill-council-w04-cui-s,Simon Cui,ON-richmond-hill-council-w04,"Richmond Hill, City of",councillor,https://simoncui.ca,0
ON-richmond-hill-council-w05-cilevitz-k,Karen Cilevitz,ON-richmond-hill-council-w05,"Richmond Hill, City of",councillor,https://reelectkarencilevitz.ca,0
ON-richmond-hill-council-w05-paulin-m,Marty Paulin,ON-richmond-hill-council-w05,"Richmond Hill, City of",councillor,https://electmarty.ca,0
ON-richmond-hill-mayor-west-d,David West,ON-richmond-hill-mayor,"Richmond Hill, City of",mayor,https://votedavidwest.ca,0
ON-richmond-hill-regional-councillor-at-large-chan-g,Godwin Chan,ON-richmond-hill-regional-councillor-at-large,"Richmond Hill, City of",regional_councillor,https://www.godwinchan.com,1677
ON-richmond-hill-regional-councillor-at-large-dipaola-j,Joe DiPaola,ON-richmond-hill-regional-councillor-at-large,"Richmond Hill, City of",regional_councillor,https://joedipaola.ca,0
ON-russell-mayor-tarnowski-m,Mike Tarnowski,ON-russell-mayor,"Russell, Township of",mayor,https://www.miketarnowski.ca,0
ON-sarnia-council-at-large-burrell-t,Terry Burrell,ON-sarnia-council-at-large,"Sarnia, City of",councillor,https://terryburrell.ca,0
ON-sarnia-regional-councillor-at-large-richardson-j,John Richardson,ON-sarnia-regional-councillor-at-large,"Sarnia, City of",regional_councillor,https://yourvoicesarnia.com,3106
ON-sarnia-regional-councillor-at-large-coutu-p,Patrick Coutu,ON-sarnia-regional-councillor-at-large,"Sarnia, City of",regional_councillor,https://patrickcoutu.ca,2646
ON-saugeen-shores-council-southampton-reeves-b,Brenda Reeves,ON-saugeen-shores-council-southampton,"Saugeen Shores, Town of",councillor,https://brendareeves.ca,167
ON-saugeen-shores-mayor-james-j,Jeff James,ON-saugeen-shores-mayor,"Saugeen Shores, Town of",mayor,https://www.jeff-for-mayor.com/,0
ON-scugog-council-w02-cole-a,Alisa Cole,ON-scugog-council-w02,"Scugog, Township of",councillor,https://www.alisacole.ca,21250
ON-scugog-regional-councillor-at-large-conlin-p,Patricia Conlin,ON-scugog-regional-councillor-at-large,"Scugog, Township of",regional_councillor,https://www.patriciaconlin.ca,0
ON-selwyn-deputy-mayor-boyko-j,John Boyko,ON-selwyn-deputy-mayor,"Selwyn, Township of",deputy_mayor,https://johnboyko.com/blog,2652
ON-smiths-falls-council-hull-g,Greg Hull,ON-smiths-falls-council,"Smiths Falls, Town of",councillor,https://gregghull.com,12698
ON-smiths-falls-mayor-cummings-c,Christopher G. Cummings,ON-smiths-falls-mayor,"Smiths Falls, Town of",mayor,https://electchristophercummings.ca,0
ON-south-algonquin-council-w02-darrell-slaght,Darrell Slaght,ON-south-algonquin-council-w02,"South Algonquin, Township of",councillor,https://votedarrell.ca,0
ON-south-bruce-peninsula-council-at-large-aiken-m,Merri Aiken,ON-south-bruce-peninsula-council-at-large,"South Bruce Peninsula, Town of",councillor,https://preserveaiken.org/services/2026-elections,6701
ON-st-catharines-council-grantham-dunsin-sunday-fakorede,Dunsin Sunday Fakorede,ON-st-catharines-council-grantham,"St. Catharines, City of",councillor,https://www.dunsin4stcward5councillor.ca/platform.html,1351
ON-st-catharines-council-st-andrews-matthew-harris,Matthew Harris,ON-st-catharines-council-st-andrews,"St. Catharines, City of",councillor,http://www.mattharris.ca,0
ON-st-catharines-council-st-georges-alexander-miller,Alexander Miller,ON-st-catharines-council-st-georges,"St. Catharines, City of",councillor,https://www.instagram.com/alexander4ward3,0
ON-st-catharines-council-st-patricks-allen-mckay,Allen McKay,ON-st-catharines-council-st-patricks,"St. Catharines, City of",councillor,https://allenmckay.ca,0
ON-st-catharines-council-st-patricks-caleb-ratzlaff,Caleb Ratzlaff,ON-st-catharines-council-st-patricks,"St. Catharines, City of",councillor,https://calebratzlaff4ward4.com,706
ON-st-catharines-council-st-patricks-noah-machek,Noah Machek,ON-st-catharines-council-st-patricks,"St. Catharines, City of",councillor,https://www.noahmachekward4.ca,0
ON-st-catharines-council-st-patricks-robin-mcpherson,Robin McPherson,ON-st-catharines-council-st-patricks,"St. Catharines, City of",councillor,https://robinmcpherson.com/priorities-progress,9373
ON-BD-tvdsb-trustee-elgin-county-pate-b,Bob Pate,ON-BD-tvdsb-trustee-elgin-county,"St. Thomas, City of",trustee,https://www.bobpatetvdsbtrustee.ca,903
ON-st-thomas-council-at-large-may-b,Brian May,ON-st-thomas-council-at-large,"St. Thomas, City of",councillor,https://studioartsmusic.com,0
ON-st-thomas-council-at-large-taylor-e,Earl Taylor,ON-st-thomas-council-at-large,"St. Thomas, City of",councillor,https://voteearltaylor.weebly.com,0
ON-BD-amdsb-trustee-stratford-wagler-j,Jamie-Lee Wagler,ON-BD-amdsb-trustee-stratford,"Stratford, City of",trustee,https://www.jamiewagler.ca,706
ON-stratford-mayor-burbach-j,Jo-Dee Burbach,ON-stratford-mayor,"Stratford, City of",mayor,https://www.jodeeburbach.com/,0
ON-sundridge-councillor-diamond-c,Cynthia Diamond,ON-sundridge-councillor,"Sundridge, Village of",councillor,https://www.diamondvalley.town/795/Register-of-Candidates,4356766
ON-tecumseh-council-w03-ilijoski-a,Alex Ilijoski,ON-tecumseh-council-w03,"Tecumseh, Town of",councillor,https://alexilijoski.ca/platform,2198
ON-tecumseh-mayor-bachetti-j,Joe Bachetti,ON-tecumseh-mayor,"Tecumseh, Town of",mayor,https://www.joebachetti.ca,0
ON-tehkummah-councillor-rick-gordon,Rick Gordon,ON-tehkummah-councillor,"Tehkummah, Township of",councillor,https://www.rmofinvergordon.com/p/elections,2456
ON-the-blue-mountains-council-hope-p,Paula Hope,ON-the-blue-mountains-council,"The Blue Mountains, Town of",councillor,https://hopeforcouncil.ca,0
ON-the-blue-mountains-council-gilliland-r,Rachel Gilliland,ON-the-blue-mountains-council,"The Blue Mountains, Town of",councillor,https://rachelgilliland.ca,2174
ON-the-blue-mountains-mayor-moreau-m,Marni Moreau,ON-the-blue-mountains-mayor,"The Blue Mountains, Town of",mayor,https://www.moreauformayor.com,0
ON-the-blue-mountains-mayor-bordignon-p,Peter Bordignon,ON-the-blue-mountains-mayor,"The Blue Mountains, Town of",mayor,https://www.peterformayor.ca,0
ON-thorold-mayor-dangela-h,Henry D'Angela,ON-thorold-mayor,"Thorold, City of",mayor,https://henrydangela.ca,0
ON-thunder-bay-council-mcintyre-albert-aiello,Albert Aiello,ON-thunder-bay-council-mcintyre,"Thunder Bay, City of",councillor,https://www.albertaiello.com,531
ON-thunder-bay-council-mckellar-donna-lee-morettin,Donna Lee Morettin,ON-thunder-bay-council-mckellar,"Thunder Bay, City of",councillor,https://morettin.ca/my-priorities,3189
ON-thunder-bay-council-northwood-syed-kabir,Syed Kabir,ON-thunder-bay-council-northwood,"Thunder Bay, City of",councillor,https://syedkabir.creonmedia.ca,0
ON-thunder-bay-council-westfort-stephen-margarit,Stephen Margarit,ON-thunder-bay-council-westfort,"Thunder Bay, City of",councillor,https://stephenmargarit.ontarioliberal.ca/biography,0
ON-thunder-bay-mayor-diedrich-p,Peter Mark John Diedrich,ON-thunder-bay-mayor,"Thunder Bay, City of",mayor,https://peterdiedrich4mayor.com,1792
ON-thunder-bay-mayor-kromm-v,Volker Kromm,ON-thunder-bay-mayor,"Thunder Bay, City of",mayor,https://www.votevolker.ca/,0
ON-tiny-council-at-large-garland-j,Jessie Garland,ON-tiny-council-at-large,"Tiny, Township of",councillor,https://jessie4tinycouncil.com,0
ON-tiny-council-at-large-zulynik-k,Karen Zulynik,ON-tiny-council-at-large,"Tiny, Township of",councillor,https://voteforkaren.ca,0
ON-tiny-deputy-mayor-miskimins-s,Sean Miskimins,ON-tiny-deputy-mayor,"Tiny, Township of",deputy_mayor,https://seanfordeputymayor.ca/blog,0
ON-csviamonde-trustee-toronto-ouest-oger-g,Geneviève Oger,ON-csviamonde-trustee-toronto-ouest,"Toronto, City of",trustee,https://csv.genevieveoger.com,0
ON-tcdsb-trustee-w02-concordia-s,Sara Concordia,ON-tcdsb-trustee-w02,"Toronto, City of",trustee,https://www.saratcdsbward2.ca/,0
ON-tcdsb-trustee-w03-munoz-plasencia-s,Susel Munoz Plasencia,ON-tcdsb-trustee-w03,"Toronto, City of",trustee,https://www.susel4trusteeward3.com/,0
ON-tcdsb-trustee-w10-colonna-t,Teresa Colonna,ON-tcdsb-trustee-w10,"Toronto, City of",trustee,https://www.teresacolonna.ca,0
ON-tdsb-trustee-w01-kang-l,Lakhan Kang,ON-tdsb-trustee-w01,"Toronto, City of",trustee,https://lakhankang.com/,0
ON-tdsb-trustee-w01-de-dovitiis-m,Matias de Dovitiis,ON-tdsb-trustee-w01,"Toronto, City of",trustee,https://www.matiasdedovitiis.ca,0
ON-tdsb-trustee-w02-zaffino-m,Matthew Zaffino,ON-tdsb-trustee-w02,"Toronto, City of",trustee,https://matthewzaffino.ca,0
ON-tdsb-trustee-w03-waters-a,Andrew Waters,ON-tdsb-trustee-w03,"Toronto, City of",trustee,https://www.andrewwaters.ca/,0
ON-tdsb-trustee-w04-pei-w,Weidong Pei,ON-tdsb-trustee-w04,"Toronto, City of",trustee,https://www.weidongpei.ca,224
ON-tdsb-trustee-w07-kheiriddin-t,Tasha Kheiriddin,ON-tdsb-trustee-w07,"Toronto, City of",trustee,https://www.votetasha.ca,0
ON-toronto-council-w01-adib-a,Ala'a Adib,ON-toronto-council-w01,"Toronto, City of",councillor,https://www.alaaadib.ca,0
ON-toronto-council-w04-raponi-v,Vanessa Raponi,ON-toronto-council-w04,"Toronto, City of",councillor,https://vanessaraponi.ca/,525
ON-toronto-council-w05-padovani-c,Chiara Padovani,ON-toronto-council-w05,"Toronto, City of",councillor,https://www.chiarapadovani.ca,0
ON-toronto-council-w05-nunziata-f,Frances Nunziata,ON-toronto-council-w05,"Toronto, City of",councillor,https://www.councillornunziata.com,0
ON-toronto-council-w05-phillips-s,Sileen Phillips,ON-toronto-council-w05,"Toronto, City of",councillor,https://sileenphillips-ysw.ca,1608
ON-toronto-council-w07-perruzza-a,Anthony Perruzza,ON-toronto-council-w07,"Toronto, City of",councillor,https://www.anthonyperruzza.com,11165
ON-toronto-council-w09-simon-n,Neil Simon,ON-toronto-council-w09,"Toronto, City of",councillor,https://votensimon.ca/,0
ON-toronto-council-w10-vashistha-a,Aanchal Vashistha,ON-toronto-council-w10,"Toronto, City of",councillor,https://voteforaanchal.ca,642
ON-toronto-council-w10-ho-ng-lefranc-a,Andi Hoang-Lefranc,ON-toronto-council-w10,"Toronto, City of",councillor,https://www.andiforward10.ca,4886
ON-toronto-council-w10-malik-a,Ausma Malik,ON-toronto-council-w10,"Toronto, City of",councillor,https://www.ausma.ca,0
ON-toronto-council-w10-kassir-b,Bashar Kassir,ON-toronto-council-w10,"Toronto, City of",councillor,https://basharkassir.ca,0
ON-toronto-council-w10-cunningham-i,Ian Cunningham,ON-toronto-council-w10,"Toronto, City of",councillor,https://iancunninghamto.ca,1674
ON-toronto-council-w10-ding-x,Xue Ding,ON-toronto-council-w10,"Toronto, City of",councillor,https://votexueding.ca,1410
ON-toronto-council-w11-fisher-d,Dana Fisher,ON-toronto-council-w11,"Toronto, City of",councillor,https://www.danafisher.ca,4475
ON-toronto-council-w11-yoon-d,Diana Yoon,ON-toronto-council-w11,"Toronto, City of",councillor,https://www.VoteYoon.ca,0
ON-toronto-council-w11-saxe-d,Dianne Saxe,ON-toronto-council-w11,"Toronto, City of",councillor,https://www.votesaxe.ca,0
ON-toronto-council-w11-blanc-g,Gabe Blanc,ON-toronto-council-w11,"Toronto, City of",councillor,https://gabeforunirose.ca,0
ON-toronto-council-w11-lieu-h,Huy Lieu,ON-toronto-council-w11,"Toronto, City of",councillor,https://www.huylieu.ca,0
ON-toronto-council-w11-lemke-k,Karina Lemke,ON-toronto-council-w11,"Toronto, City of",councillor,https://votekarina.ca,2559
ON-toronto-council-w11-courtis-k,Keenan Courtis,ON-toronto-council-w11,"Toronto, City of",councillor,https://www.keenancourtis.ca,392
ON-toronto-council-w11-hawkes-t,Terri Hawkes,ON-toronto-council-w11,"Toronto, City of",councillor,https://www.voteterrihawkes.ca,0
ON-toronto-council-w12-kalimbet-j,Jenny Kalimbet,ON-toronto-council-w12,"Toronto, City of",councillor,https://www.jennykalimbet.ca,954
ON-toronto-council-w12-matlow-j,Josh Matlow,ON-toronto-council-w12,"Toronto, City of",councillor,https://www.joshmatlow.ca,687
ON-toronto-council-w13-moise-c,Chris Moise,ON-toronto-council-w13,"Toronto, City of",councillor,https://www.chrismoise.vote,0
ON-toronto-council-w13-ward-n,Nicki Ward,ON-toronto-council-w13,"Toronto, City of",councillor,https://www.nickiward.ca/authentic,0
ON-toronto-council-w13-khogali-ali-w,Walied Khogali Ali,ON-toronto-council-w13,"Toronto, City of",councillor,https://www.votewalied.ca,1277
ON-toronto-council-w14-stevens-j,Jason Stevens,ON-toronto-council-w14,"Toronto, City of",councillor,https://www.votejasons.com,186
ON-toronto-council-w14-chapelle-s,Susan Chapelle,ON-toronto-council-w14,"Toronto, City of",councillor,https://www.electsusanchapelle.com/platform,979
ON-toronto-council-w16-erdemir-s,Sinan Erdemir,ON-toronto-council-w16,"Toronto, City of",councillor,https://votesinan.com/priorities,388
ON-toronto-council-w19-smith-a,Adam Smith,ON-toronto-council-w19,"Toronto, City of",councillor,https://adamsmithward19.ca,47719
ON-toronto-council-w19-dann-j,James Dann,ON-toronto-council-w19,"Toronto, City of",councillor,https://jamesdann.ca,1572
ON-toronto-council-w19-morrison-k,Kevin Morrison,ON-toronto-council-w19,"Toronto, City of",councillor,https://electkevinmorrison.com,0
ON-toronto-council-w19-legg-t,Tycen Legg,ON-toronto-council-w19,"Toronto, City of",councillor,https://www.tycenlegg.ca,1823
ON-toronto-council-w20-rupasinghe-k,Kevin Rupasinghe,ON-toronto-council-w20,"Toronto, City of",councillor,https://www.kevinrupasinghe.ca,0
ON-toronto-council-w20-ahmad-m,Malik Ahmad,ON-toronto-council-w20,"Toronto, City of",councillor,https://malikahmad.com/,0
ON-toronto-council-w21-veerasingam-k,Krissan Veerasingam,ON-toronto-council-w21,"Toronto, City of",councillor,https://www.krissan4scarb.ca,0
ON-toronto-council-w21-thompson-m,Michael Thompson,ON-toronto-council-w21,"Toronto, City of",councillor,https://www.councillorthompson.com,0
ON-toronto-council-w21-kargiannakis-s,Stella Kargiannakis,ON-toronto-council-w21,"Toronto, City of",councillor,https://www.citizenreview.ca,6826
ON-toronto-council-w21-ahmed-t,Taiba Ahmed,ON-toronto-council-w21,"Toronto, City of",councillor,https://www.taibafor21.ca,0
ON-toronto-council-w22-ho-j,Jackson Ho,ON-toronto-council-w22,"Toronto, City of",councillor,https://www.voteforjackson.ca/,0
ON-toronto-council-w22-mantas-n,Nick Mantas,ON-toronto-council-w22,"Toronto, City of",councillor,https://www.nickmantas.ca/,0
ON-toronto-council-w24-ainslie-p,Paul Ainslie,ON-toronto-council-w24,"Toronto, City of",councillor,https://www.paulainslie.com,0
ON-toronto-council-w25-patel-z,Zakir Patel,ON-toronto-council-w25,"Toronto, City of",councillor,https://votezakir.ca,421
ON-toronto-mayor-rosen-a,Amy Rosen,ON-toronto-mayor,"Toronto, City of",mayor,https://www.rosenformayor.ca,0
ON-toronto-mayor-deville-c,Cory Deville,ON-toronto-mayor,"Toronto, City of",mayor,https://www.deville2026.ca,8460
ON-toronto-mayor-kalkounis-g,Georgios Kalkounis,ON-toronto-mayor,"Toronto, City of",mayor,https://img1.wsimg.com/blobby/go/5ec02720-cbe2-45f6-b2f7-d20bc5b5b01d/2026%2007%2004%20-%20Georgios_Kalkounis_for_Mayor_Plat.pdf,0
ON-toronto-mayor-atkinson-j,Jamie Atkinson,ON-toronto-mayor,"Toronto, City of",mayor,https://jamieatkinson.ca,7643
ON-toronto-mayor-sanders-l,Lyall Sanders,ON-toronto-mayor,"Toronto, City of",mayor,https://qwertybeetz.wixstudio.com/political-candidate/blank,0
ON-toronto-mayor-lamoureux-m,Michael Lamoureux,ON-toronto-mayor,"Toronto, City of",mayor,https://michaellamoureux.ca,4587
ON-trent-lakes-council-harvey-riley-l,Laurie RILEY,ON-trent-lakes-council-harvey,"Trent Lakes, Municipality of",councillor,https://www.votelaurieriley.ca,419
ON-trent-lakes-council-harvey-franzen-p,Peter FRANZEN,ON-trent-lakes-council-harvey,"Trent Lakes, Municipality of",councillor,https://sites.google.com/view/vote-peter-franzen/home,0
ON-tweed-mayor-valiquette-p,Peter Valiquette,ON-tweed-mayor,"Tweed, Municipality of",mayor,https://valiquetteformayor.ca,0
ON-uxbridge-council-w01-beach-p,Pamela Beach,ON-uxbridge-council-w01,"Uxbridge, Township of",councillor,http://ward1pamelabeach.com,592
ON-uxbridge-council-w03-marlatt-c,Craig Marlatt,ON-uxbridge-council-w03,"Uxbridge, Township of",councillor,https://www.craigmarlatt.ca/commitments,580
ON-uxbridge-council-w05-mckenzie-c,Christine McKenzie,ON-uxbridge-council-w05,"Uxbridge, Township of",councillor,https://www.christinemckenzie.ca/,0
ON-uxbridge-mayor-barton-d,Dave Barton,ON-uxbridge-mayor,"Uxbridge, Township of",mayor,https://www.davebartonuxbridge.com/,0
ON-uxbridge-mayor-giffin-i,Ian Giffin,ON-uxbridge-mayor,"Uxbridge, Township of",mayor,http://giffin4mayor.ca/platform/index.html,781
ON-BD-yrdsb-trustee-w04-w05-wider-l,Lotan Wider,ON-BD-yrdsb-trustee-w04-w05,"Vaughan, City of",trustee,https://www.lotanwider.ca,0
ON-vaughan-regional-councillor-at-large-gordon-f,Fitz-Roy Gordon,ON-vaughan-regional-councillor-at-large,"Vaughan, City of",regional_councillor,https://fitz4thewin.com,0
ON-vaughan-regional-councillor-at-large-rosati-g,Gino Rosati,ON-vaughan-regional-councillor-at-large,"Vaughan, City of",regional_councillor,https://ginorosati.ca,0
ON-vaughan-regional-councillor-at-large-ferri-m,Mario Ferri,ON-vaughan-regional-councillor-at-large,"Vaughan, City of",regional_councillor,https://www.marioferri.ca/,0
ON-wainfleet-council-bath-d,Dan Bath,ON-wainfleet-council,"Wainfleet, Township of",councillor,https://www.danbath.ca/index.html,0
ON-wasaga-beach-council-at-large-plater-c,Carrie Plater,ON-wasaga-beach-council-at-large,"Wasaga Beach, Town of",councillor,https://www.carrieplater.com,0
ON-wasaga-beach-council-at-large-gale-d,Dan Gale,ON-wasaga-beach-council-at-large,"Wasaga Beach, Town of",councillor,https://galeforwasaga.ca,2937
ON-wasaga-beach-council-at-large-ego-f,Faye Ego,ON-wasaga-beach-council-at-large,"Wasaga Beach, Town of",councillor,https://fayeego.ca,0
ON-wasaga-beach-mayor-farkas-l,Leslie Farkas,ON-wasaga-beach-mayor,"Wasaga Beach, Town of",mayor,https://elevatewasaga.com,10503
ON-waterloo-city-council-w01-sandra-hanmer,Sandra Hanmer,ON-waterloo-city-council-w01,"Waterloo, City of",councillor,https://sandrahanmer.ca/homepage/meet-sandra,0
ON-waterloo-city-council-w02-khaled-berbash,Khaled Berbash,ON-waterloo-city-council-w02,"Waterloo, City of",councillor,https://khaledberbash.com/learn-about-what-i-am-doing-for-business,0
ON-waterloo-city-council-w02-ying-susan-jiang,Ying Susan Jiang,ON-waterloo-city-council-w02,"Waterloo, City of",councillor,https://www.susanjiangward2.ca/en/policies,962
ON-waterloo-city-council-w03-hans-roach,Hans Roach,ON-waterloo-city-council-w03,"Waterloo, City of",councillor,https://www.hansroach.ca/,382
ON-waterloo-city-council-w03-victoria-robertson,Victoria Robertson,ON-waterloo-city-council-w03,"Waterloo, City of",councillor,https://www.victoriaforward3.ca,1312
ON-waterloo-city-council-w04-diane-freeman,Diane Freeman,ON-waterloo-city-council-w04,"Waterloo, City of",councillor,https://dianelfreeman.wordpress.com/about,0
ON-waterloo-city-council-w05-scott-piatkowski,Scott Piatkowski,ON-waterloo-city-council-w05,"Waterloo, City of",councillor,https://www.scottpiatkowski.ca/,0
ON-waterloo-city-council-w05-victoria-richardson,Victoria Richardson,ON-waterloo-city-council-w05,"Waterloo, City of",councillor,https://victoriawaterlooward5.ca/values.html,624
ON-waterloo-city-council-w06-damian-mikhail,Damian Mikhail,ON-waterloo-city-council-w06,"Waterloo, City of",councillor,https://www.damianforward6.ca,0
ON-waterloo-city-council-w06-mary-lou-roe,Mary Lou Roe,ON-waterloo-city-council-w06,"Waterloo, City of",councillor,https://marylouroe.ca/,0
ON-waterloo-city-mayor-mccabe-d,Dorothy MCCABE,ON-waterloo-city-mayor,"Waterloo, City of",mayor,https://www.dorothymccabe.ca/,0
ON-waterloo-regional-municipality-councillor-cambridge-causarano-bolton-b,Bryan Causarano-Bolton,ON-waterloo-regional-municipality-councillor-cambridge,"Waterloo, Regional Municipality of",regional_councillor,https://www.causbolt.ca,1875
ON-waterloo-regional-municipality-councillor-kitchener-gowing-j,Joe Gowing,ON-waterloo-regional-municipality-councillor-kitchener,"Waterloo, Regional Municipality of",regional_councillor,https://www.joe-gowing.com/,0
ON-waterloo-regional-municipality-councillor-kitchener-rodrigues-m,Matt Rodrigues,ON-waterloo-regional-municipality-councillor-kitchener,"Waterloo, Regional Municipality of",regional_councillor,https://www.mattrodrigues.ca/priorities,1139
ON-waterloo-regional-municipality-councillor-kitchener-guthrie-s,Simon Guthrie,ON-waterloo-regional-municipality-councillor-kitchener,"Waterloo, Regional Municipality of",regional_councillor,https://www.simonguthrie.ca/,0
ON-waterloo-regional-municipality-councillor-waterloo-huinink-c,Chantal Huinink,ON-waterloo-regional-municipality-councillor-waterloo,"Waterloo, Regional Municipality of",regional_councillor,https://www.reelectchantalhuininkwr2026.ca/about,0
ON-waterloo-regional-municipality-councillor-waterloo-erb-j,Jim Erb,ON-waterloo-regional-municipality-councillor-waterloo,"Waterloo, Regional Municipality of",regional_councillor,http://jimerbwaterloo.ca/,0
ON-welland-council-w02-parrotta-a,Aldo Parrotta,ON-welland-council-w02,"Welland, City of",councillor,https://votealdoparrotta.ca,3160
ON-welland-council-w03-setaram-s,Sharmila Setaram,ON-welland-council-w03,"Welland, City of",councillor,https://www.sharmila.ca/meet_sharmila,0
ON-welland-mayor-simon-b,Brandon Simon,ON-welland-mayor,"Welland, City of",mayor,https://mayorsimon.ca,2790
ON-welland-mayor-chiocchio-p,Pat Chiocchio,ON-welland-mayor,"Welland, City of",mayor,https://www.patformayor.ca/,441
ON-whitby-council-w01-white-j,Jay White,ON-whitby-council-w01,"Whitby, Town of",councillor,https://www.jaywhite.net/,491
ON-whitby-council-w03-frempong-a,Akuah Frempong,ON-whitby-council-w03,"Whitby, Town of",councillor,https://www.akuahforcentreward.ca/meetakuah,0
ON-whitby-council-w03-rinella-j,John Rinella,ON-whitby-council-w03,"Whitby, Town of",councillor,https://www.johnrinella.ca,0
ON-whitby-mayor-roy-e,Elizabeth Roy,ON-whitby-mayor,"Whitby, Town of",mayor,https://www.roy4mayor.com,0
ON-whitchurch-stouffville-council-w02-simpson-j,Jared Simpson,ON-whitchurch-stouffville-council-w02,"Whitchurch-Stouffville, Town of",councillor,https://www.rootedinstouffville.ca/,0
ON-whitchurch-stouffville-council-w02-drover-t,Terri Drover,ON-whitchurch-stouffville-council-w02,"Whitchurch-Stouffville, Town of",councillor,https://www.terridrover.ca/,0
ON-whitchurch-stouffville-council-w04-taylor-c,Courtney Taylor,ON-whitchurch-stouffville-council-w04,"Whitchurch-Stouffville, Town of",councillor,https://www.courtneytaylorward4.ca,758
ON-wilmot-council-w01-cressman-s,Stewart Cressman,ON-wilmot-council-w01,"Wilmot, Township of",councillor,https://www.stewart4wilmot.ca,0
ON-wilmot-council-w04-martin-s,Steven Martin,ON-wilmot-council-w04,"Wilmot, Township of",councillor,https://www.stevenmartinwilmot.ca,0
ON-BD-gecdsb-trustee-w01-w02-w09-ondrovcik-m,Malini Ondrovcik,ON-BD-gecdsb-trustee-w01-w02-w09,"Windsor, City of",trustee,https://www.malinifortrustee.com,0
ON-windsor-council-w01-renaud-d,Darcie Renaud,ON-windsor-council-w01,"Windsor, City of",councillor,https://www.darcierenaud.ca,0
ON-windsor-council-w04-zaid-r,Rasha Zaid,ON-windsor-council-w04,"Windsor, City of",councillor,https://www.rashazaid.ca,2798
ON-windsor-council-w05-potvin-s,Shane Potvin,ON-windsor-council-w05,"Windsor, City of",councillor,https://www.shanepotvin.com,3174
ON-windsor-mayor-pasquach-k,Kat Pasquach,ON-windsor-mayor,"Windsor, City of",mayor,https://www.votekatformayor.ca,951
ON-woodstock-council-at-large-brown-j,Joe Brown,ON-woodstock-council-at-large,"Woodstock, City of",councillor,https://votejoe2026.ca,0
ON-woodstock-council-at-large-mazur-w,Wes Mazur,ON-woodstock-council-at-large,"Woodstock, City of",councillor,https://wesmazur.ca,0
ON-woodstock-mayor-scalisi-a,Anthony Scalisi,ON-woodstock-mayor,"Woodstock, City of",mayor,https://www.scalisi.ca,259
ON-woodstock-regional-councillor-at-large-schadenberg-m,Mark Schadenberg,ON-woodstock-regional-councillor-at-large,"Woodstock, City of",regional_councillor,https://markschadenberg.blogspot.com/,0
ON-woolwich-council-w03-bryant-b,Bonnie Bryant,ON-woolwich-council-w03,"Woolwich, Township of",councillor,https://bonniebryantwoolwich.wordpress.com,0
