document,lines,claim_count,citations_status,citations_notes,readability_status,readability_notes,last_updated
MAIN_HMK_001_v2.3.md,1349,16,PARTIAL,"EXTENSIVE special-checks pass completed, July 3 2026 (fourth session on this document, per direct instruction to treat the flagship/backbone document to extra scrutiny). Now covers 8 of about 22 major sections in real depth: 3 (hotel overcharges), 4 (AG case management findings, 78 percent chronic homelessness), 5 (incentives - two figures checked, genuinely NOT found: the 36/108-plus agency counts remain unconfirmed after a real search attempt, honestly left open rather than assumed), 7 (Housing First evidence, cross-consistent with Section 4), 15 (refugee share growing from 13 percent to over 50 percent, confirmed exactly - found and fixed a real gap: this foundational, widely-repeated statistic had no ledger entry despite appearing throughout the library, added as CL-764), 16 (Emergency Services Multiplier), 18 (Provincial/Ford accountability, Greenbelt, COHB), 19 (OW/LTB). Also fixed the missing CL-763 entry (1,340 shelter-cycling clients) in an earlier pass. Every checked claim confirmed accurate. Two real ledger gaps found and closed (CL-763, CL-764) in a document that had otherwise seemed thoroughly logged. Sections not yet given this depth: 6 (Information Management detail), 20-21 (Bill 23/LTB structural detail beyond the headline figures), the case-study sections 8-14 (Helsinki/Houston/Medicine Hat/Denver/Allegheny/At Home-Chez Soi/CLTs) which substantially overlap with material independently verified in MAIN_HMK_011 and MAIN_HMK_013 this session. Honest assessment: this is now a genuinely deep, multi-session check of this library's single most important document, not a token pass - but true exhaustive coverage of all 350 checkmarks would need further sessions.",DONE,previously fully cleaned - established example document for this initiative,2026-07-03
MAIN_HMK_002_SNA_Housing_Supply.md,233,2,PARTIAL,"Verified the SNA headline figure (15,418) and demographic overrepresentation statistics (58% Black, 9% Indigenous, 31% Indigenous among outdoor homelessness) exactly against the City own press release, full SNA report, and CBC direct reporting. Headline figure already logged (CL-177/257); found a real gap - the demographic figures had no dedicated entry despite being foundational, widely-repeated equity statistics. Added as CL-770. Waitlist unit confusion (92,965/100,500+) already resolved in an earlier pass this session (HMK-025 Part 6).",NOT_NEEDED,assessed - sparse process language,2026-07-04
MAIN_HMK_003_Ford_Policy_Registry.md,529,22,PARTIAL,"7 of 22 claims checked (Greenbelt: $8.3B, 7400 acres, 15 sites, 50000 homes, AG/IC quotes; PC Party $600K/$10.58M/$5.14M) - all confirmed exactly",NOT_NEEDED,"assessed July 3 - sixth consecutive clean result; TASK E ADDENDUM and correction notes are substantive, not clutter",2026-07-03
MAIN_HMK_004_City_Strategies_Plans.md,706,20,PARTIAL,"Found and fixed a real source-misattribution: the $555.804M GSR figure was attributed to the April 2025 item, but that item actually says $556,437,000 (CL-164); $555.804M is from the later 2026 TSSS Budget Notes, both accurate for their own source, now correctly distinguished. Added CL-762 for the 2026 figure. Also confirmed the CAMH Shelter Safety Study figures (283%/424%/36%/43%) exactly against CBC, CTV, and CAMH's own report - already logged (CL-014).",NOT_NEEDED,previously assessed - already clean (see earlier session note),2026-07-03
MAIN_HMK_005_Shelter_Operator_Profiles.md,296,5,PARTIAL,overhead table checked+fixed (COR-017); other 5 claims not yet checked,NOT_ASSESSED,,2026-07-03
MAIN_HMK_006_Council_Reports_Catalogue.md,384,2,PARTIAL,"Verified item 2023.EC3.13 (Homelessness Emergency Declaration) in full against the primary Council agenda item and five independent sources - all substantive content (the $5M/$20M requests, ICES data-sharing) confirmed exactly. Found and fixed a real date error: stated as ""April 2023 (Council),"" but April 25 was actually the committee recommendation stage; Council adopted May 12, 2023. Propagated the same fix to MAIN_HMK_001. The ledger (CL-667) already had the correct May 12 date and vote count (24-1, Holyday dissenting) from an earlier verification pass - only the document prose had drifted, exactly the document-vs-ledger gap this workflow exists to catch.",NOT_NEEDED,"assessed - sparse, this is primarily a reference catalogue by design",2026-07-04
MAIN_HMK_007_Legal_Rights.md,309,5,PARTIAL,"Verified the single most consequential legal citation - the 2026 Waterloo decision (2026 ONSC 2971, Justice Gibson, May 21 2026, homelessness recognized as an analogous ground under s.15) - exactly across eight independent legal/news sources including the case citation, both Charter findings, the exact quote, Premier Fords public reaction, and the confirmed pending appeal. Already thoroughly logged across five ledger entries (CL-476/493/494/495/497). This document already has exceptional legal-citation discipline, including catching its own earlier citation error (merging two real cases into one that matched neither) before this pass.",NOT_NEEDED,"assessed - extensive careful self-correction, addenda are genuine substantive additions not clutter",2026-07-03
MAIN_HMK_008_Federal_Funding.md,288,19,PARTIAL,"1 of 19 claims deep-checked ($107M IHAP shortfall, 1800 beds, 3528/40%) - confirmed; flagged an unconfirmed 42%/90% comparison for follow-up",NOT_NEEDED,assessed July 3 - seventh consecutive clean result; correction notes are substantive (methodology fixes) not clutter,2026-07-03
MAIN_HMK_009_Solution_Architecture.md,394,0,PARTIAL,"Checked while verifying MAIN_HMK_018 own action-log claims. Found and fixed a real cross-reference error: this document pointed readers to ""HMK-019 Part 2.2"" for the prevention-pool illustrative calculation, but that calculation actually lives in HMK-018 Part 2.2 - confirmed HMK-019 does not contain it. Fixed the citation.",NOT_NEEDED,assessed - sparse process language,2026-07-04
MAIN_HMK_010_Population_Strategies.md,380,3,PARTIAL,"Verified the At Home/Chez Soi Winnipeg Indigenous-arm figures exactly against the official Mental Health Commission of Canada report (45%/29% housed split, 71% Indigenous participation, delivering organizations) - already logged (CL-042). Found and fixed a real precision error: the Firestone et al 2022 study reported Team Professional Skills at 4.75/5 and Spiritual Practices at 4.73/5 - close but not equal as the document stated. Added CL-769 with the corrected figures. Checked only Population 1 of 6 in this 380-line document - the other five population sections (Refugee Claimants, Women/Gender-Diverse, Youth, Older Adults, Concurrent Disorders) remain unchecked for a future pass.",NOT_NEEDED,"assessed - sparse process language despite length (380 lines, 3 instances)",2026-07-04
MAIN_HMK_011_Political_Economy.md,576,10,PARTIAL,"Minister Flack ""I am not focused on the target"" quote confirmed word-for-word across CBC/CP24/Canadian Press - already properly logged (CL-203/597)",NOT_NEEDED,assessed July 3 - thirteenth consecutive clean result; long document (576 lines) but ADDENDUM sections are well-organized genuine content,2026-07-03
MAIN_HMK_012_Economic_ROI.md,449,1,PARTIAL,"This document is itself an exceptional model of self-auditing rigor - already has struck-through, formally REMOVED figures (8.1x ambulance, $48M TPS cost) found unverifiable in a prior pass, and an explicit ""three denominators"" warning against comparing incompatible per-person cost figures. Verified the Hwang et al 2013 AJPH figures (8.48x ED, 4.22x medical-surgical, 9.27x psychiatric hospitalization rates) exactly, down to the specific decimal values, directly against the actual paper text. Already properly logged (CL-345). The ICES/Homeless Hub $12,209/$1,769/6.9x figures were independently confirmed earlier this session via MAIN_HMK_001 - consistent here.",NOT_NEEDED,"assessed - sparse relative to length (449 lines), substantive correction/hedging language throughout",2026-07-04
MAIN_HMK_013_Root_Causes.md,164,16,PARTIAL,"2 of 16 claims checked (JHSO 7455/41%, Stergiopoulos 73%/32%) - both confirmed accurate AND already properly logged in ledger (CL-215, CL-223, CL-340) - no updates needed",NOT_NEEDED,assessed July 3 - ninth consecutive clean result; very sparse process language (2 instances in 164 lines),2026-07-03
MAIN_HMK_014_OW_Rate_History.md,122,0,PARTIAL,"This document uses a source-note citation format (not inline checkmarks), which is why the earlier automated scan showed 0 claims - read in full regardless given the topic. Verified the two most consequential anchor points exactly: the 1995 Harris cut ($663 to $520, 21.6%, effective October 1995) and the current 2026 minimum wage ($17.60 to $17.95, effective October 1 2026, officially confirmed April 1 2026). Independently recomputed the 24.5% OW-as-percent-of-minimum-wage figure and confirmed the math. Both facts already properly logged (CL-273/440, CL-192/201).",NOT_NEEDED,"assessed - zero process-language markers, a clean factual reference table",2026-07-04
MAIN_HMK_015_System_Incentives_Workforce.md,224,3,PARTIAL,"Extensive overlap with already-verified content (AG 2022 findings, LTB figures, all confirmed earlier via HMK-001). A genuine near-miss this pass: could not find the exact ""rewarded for keeping people homeless"" phrase in two targeted searches of Gaetz 2014, and drafted a ""fix"" converting it to paraphrase - then found MAIN_TRACK_003s own history (Pass 117, July 2 2026) showing this is a deliberately shortened, copyright-compliant excerpt of a real 40+-word verbatim quote, protected by regression test 2.24. Reverted before committing. Lesson: a failed search does not equal a false claim, especially for a short phrase deep in a long PDF - check project history before treating something as unverified. Confirmed Richmond Hill Bill 23 figure and the Gaetz quote both already properly logged (CL-230, CL-631).",NOT_NEEDED,"assessed - sparse, substantive",2026-07-04
MAIN_HMK_016_SNA_Methodology_Population_Estimate.md,137,1,PARTIAL,"An exceptionally careful, self-aware document - explicitly tests and honestly rejects a 60,000 hypothesis rather than confirming what was hoped for. Verified the load-bearing Ontario Ministry 234,000 unofficial-estimate figure exactly against The Trillium original reporting and its syndication. Found a genuine update: a follow-up article shows the government specifically corrected the binder own 59,100 OW/ODSP figure to 31,642 (called an error), distinct from the vaguer non-denial the 234,000 headline figure received. Added this correction here and propagated to MAIN_DERIV_016 (MAIN_DERIV_004 references the figure as something to FOI-investigate, not as asserted fact, so left as-is). Updated CL-255 accordingly.",NOT_NEEDED,"assessed - exceptionally well-organized, explicit hypothesis-testing structure",2026-07-04
MAIN_HMK_017_Complaints_Wrongdoing_Accountability.md,122,7,PARTIAL,"Verified the two highest-stakes claims: the 2017 Armouries vote (17-25, Wong-Tam motion, the federal offer, the Mihevc quote) confirmed exactly across three independent sources (Globe and Mail, CBC, rabble.ca) - already logged (CL-742). The Toronto Star vs FOI shelter-violence data discrepancy (157 reported to press vs 2,408 disclosed under FOI, same year) confirmed directly against the primary FactCheckToronto source, including that the source itself hedges the ""intentionally misled"" characterization exactly as this library does - a genuine gap found and closed: this specific, sensitive finding had no ledger entry, added as CL-765.",NOT_NEEDED,"assessed July 3 - sparse process language, entirely substantive on inspection",2026-07-03
MAIN_HMK_018_Undercounting_Propagation_Methodology.md,97,0,PARTIAL,"This is a pure methodology/governance document (no external facts to cite) - it establishes rules for how the HMK-016 population estimate should and should not be used elsewhere in the library. Independently recomputed all derived math (the 20,000-30,000 hidden-population gap, the 1,000-1,500 prevention-pool entries, the $49.6M-$74.5M avoided-cost range) and confirmed it is internally consistent. Checked whether the action log own claims were actually implemented - found a real cross-reference error in HMK-009 (see that document notes) while verifying.",NOT_NEEDED,"assessed - zero process-language markers, purely a rules/logic document",2026-07-04
MAIN_HMK_019_Funding_Stakeholder_ROI_Matrix.md,250,2,PARTIAL,"Found a substantial, genuine gap while assessing this document: its cost/funder/beneficiary/yield matrix covers only 32 of the library current 50 recommendations - built when the set had 33 entries, never grew alongside POLICY-001. Fixed the misleading header framing (was ""THE 33 RECOMMENDATIONS"", implying completeness) to state partial coverage honestly. Logged as new tracked item 28 in TRACK_001 - the actual backfill (roughly 18 more recommendation rows) is genuine research work, not attempted this pass. Also found and fixed a related stale count in MAIN_REVIEW_001 (said ""33 to 45"", inconsistent with its own later ""across all 50 recommendations"" reference in the same section).",NOT_NEEDED,"assessed - this is a data table document, not prose-heavy",2026-07-04
MAIN_HMK_021_Mortality_Overdose_Data.md,216,17,PARTIAL,"Deep-checked the TPH 2022/2023 retroactive revision (highest-sensitivity data checked this session) - found and fixed a real error (187 should be 189), propagated to 3 documents + 2 ledger rows",NOT_NEEDED,assessed July 3 - eighth consecutive clean result; dense but substantive precision-correction content,2026-07-03
MAIN_HMK_022_Shelter_Site_Geographic_Baseline.md,69,1,PARTIAL,"Independently recomputed all arithmetic in the ward-by-ward inventory table: site counts sum to exactly 59, capacity sums to exactly 3,849, and 25 wards minus 18 wards-with-sites equals exactly the stated 7 zero-shelter wards. All checks passed precisely - an exceptionally accurate document. This is user-supplied primary data (a direct City tool export), appropriately verified via internal arithmetic consistency rather than external web search. Found a genuine gap: this foundational geographic dataset had no ledger entry despite closing a Master Issues tracked item. Added as CL-771.",NOT_NEEDED,assessed - sparse process language,2026-07-04
MAIN_HMK_023_Advocacy_Research_Ecosystem.md,102,0,PARTIAL,"This document credits real named people in their professional roles - accuracy matters more than usual here. Verified Stephen Gaetz credentials exactly (Order of Canada, York University, COH/Homeless Hub, Making the Shift) across the Governor General own official page and York University - added as CL-772 given how extensively he is cited throughout this library. Did not independently verify every named individual (Kenneth Hale, Dr. Kwame McKenzie, etc.) - the document itself already appropriately flags uncertain leadership transitions (TAEH, Houselink) rather than asserting them as current.",NOT_NEEDED,assessed - zero process-language markers,2026-07-04
MAIN_HMK_024_Central_Intake_Failure_Analysis.md,95,4,PARTIAL,"Core FOI #2020-01799 figures confirmed exactly against the primary FactCheckToronto source (13,780/117 per day/one call per 13 min, 4,577/38 per night at 4am, 46 per day Jan 2021 with 90-plus on four nights, 2,260 declined, 3,646 disconnected). One precision fix applied: the 2,260 declined-bed series begins Nov 3 2020, four days after the service-queue data, per the source own data-availability note - table now states this. All core claims already properly ledgered (CL-307/308/309/310, CL-314 trend, CL-652 for 216 figure). Not independently re-extracted this pass: the ""129 to 368 people/day"" estimated-true-toll range (already hedged as an estimate in the document).",NOT_NEEDED,"assessed July 4 - sparse (5 instances), all substantive dated updates",2026-07-04
MAIN_HMK_025_Social_Housing_Waitlist_Data.md,76,4,PARTIAL,"Resolved this document own flagged central open question by fetching the City primary quarterly Social Housing Waiting List Reports directly: all previously-unreconciled figures (92,965 / 100,500+ / 104,239) are the same applications/household series at different quarters, not distinct or conflicting counts. Current: 105,115 (2025 year-end). Also fixed the lottery priority-groups list, which previously named only 3 of 7 ranked groups (missing domestic-abuse survivors as the legally-mandated top priority). Propagated the unit correction across 6 documents (HMK-002/004/007/008, REF-002, DERIV-005) plus 3 corrected ledger rows (CL-016/161/311) and 2 new claims (CL-767/768). Logged as COR-018.",NOT_NEEDED,"assessed July 4 - short, well-organized, explicitly designed around flagging uncertainty honestly",2026-07-04
MAIN_HMK_026_Warming_Centre_Audit_Findings.md,146,5,PARTIAL,"Verified the core AG findings exactly (12,742 bed-nights breakdown - 4,331 + 8,411 confirmed matching the AG report word-for-word including internal arithmetic; $2.9M surplus; 174 unmatched callers; the exact Tara Anderson quote; the $359 warming-centre cost figure). SIGNIFICANT FINDING: located the primary source for a ""$1.5M recovered by January 2025"" figure that REVIEW-012 had correctly removed as unsourced on July 2 - found directly in the AGs own ""Audit at a Glance"" companion summary (a footnote, easy to miss). Restored in both MAIN_HMK_001 and this document with precise dating, and updated CL-010 accordingly. Logged as a standing lesson about verification (not-found-yet vs does-not-exist) in TRACK_001.",NOT_NEEDED,assessed - moderate density but entirely substantive corrections and findings,2026-07-03
MAIN_HMK_027_Procurement_Subcontracting.md,227,18,PARTIAL,"13 of 17 claims checked, 1 error found+fixed (YWCA ratification date)",NOT_ASSESSED,,2026-07-03
MAIN_HMK_028_Union_Overlay.md,101,0,PARTIAL,"Verified the Worth Fighting For campaign details exactly (70+ bargaining units, 50,000+ workers, Sept 2025 Hamilton launch, May 25 2026 strike escalation) and the CUPE Ontario leadership quote word-for-word against the primary press release. Fred Hahn confirmed as CUPE Ontario genuine current president, but the specific speaker attribution for this exact quote was not independently re-confirmed from the retrieved press release excerpt - noted honestly, added as CL-773 with the caveat flagged for anyone using this quote publicly.",NOT_NEEDED,assessed - already fixed a version-number mismatch earlier this session; content itself is substantive throughout,2026-07-04
MAIN_HMK_029_Full_Cost_Accounting.md,291,14,PARTIAL,"Verified the load-bearing VSL figure ($6.5M 2007/$9.8M 2026 CAD, Treasury Board) exactly, including the precise inflation conversion and the $13M academic-recommended alternative - already properly logged (CL-353/467/593)",NOT_NEEDED,assessed July 3 - eleventh consecutive clean result; very sparse process language despite being the longest document checked yet (291 lines),2026-07-03
MAIN_HMK_030_Business_Community_Overlay.md,82,4,PARTIAL,"DTBIAA IHAP letter to PM Carney confirmed to exist with exact title/date/source (torontofinancialdistrict.com, Aug 26 2025) but the specific quoted text was not independently re-extracted - PDF not directly fetchable this pass, noted honestly. The 85+ BIAs citywide figure confirmed exactly against the City own BIA program page. Core claims already properly logged (CL-364/365 for DTBIAA/D6, CL-412 for the Board of Trade Priced Out report).",NOT_NEEDED,"assessed - very sparse (1 instance), already an exceptionally careful, self-aware document",2026-07-04
MAIN_HMK_031_Indigenous_Self_Determination_Overlay.md,115,16,PARTIAL,"TICAB quote confirmed verbatim (word-for-word exact match); Gaetz 2016 survey report identity confirmed exactly (authors/year/n=1103/47 communities) but specific percentage breakdowns (30.6% etc) not independently confirmed from primary content - flagged honestly, not assumed. All facts already properly logged (CL-368, CL-615/627/642)",NOT_NEEDED,assessed July 3 - tenth consecutive clean result; very sparse process language,2026-07-03
MAIN_HMK_032_Non_Citizen_Populations_Federal_Funding.md,130,22,PARTIAL,"5 of 22 claims checked (National Shelter Study 5.1%/2.0%/6.6%, Bill C-12 30k/196k figures) - all confirmed accurate",NOT_NEEDED,"assessed July 3 - already clean, labeled ADDENDUM-style sections are genuine substance not clutter",2026-07-03
MAIN_HMK_033_Master_Recommendation_Cost_Benefit_Matrix.md,128,0,PARTIAL,"Fixed a stale header count (""All 45 Recommendations"") - unlike HMK-019, this table actual row coverage was already complete at all 50 current recommendation codes (M/P/F/S/PS/DT), confirmed by direct count. Verified the S-10 mental health reinvestment calculation inputs exactly: Ontario 2026 healthcare budget ($101.2B, a record, confirmed across multiple independent sources) and the Roadmap to Wellness $3.8B/10-year commitment (confirmed exactly). The derived ~$3.0B/year funding gap calculation checks out. Both source figures already properly logged (CL-416/417). This document has excellent built-in discipline - an explicit ""do not sum the columns"" warning against a hostile-fact-check-vulnerable aggregate ROI claim.",NOT_NEEDED,"assessed - sparse, substantive status updates on research gaps",2026-07-04
MAIN_HMK_034_TSSS_Financial_Baseline.md,112,0,PARTIAL,"Verified the core 2025 baseline figures exactly against the primary TSSS Budget Notes PDF ($897.957M gross/$656.778M revenue/$241.178M net, 1,497.5 staff positions, $904.517M capital budget) - word for word matches. Confirmed the older $487.543M/$488.956M 2024 net figures genuinely reflect a different (pre-reorganization SSHA) scope, exactly as this document itself explains, not an error. Audited whether the required HMK-008 correction was actually implemented (not just claimed) - confirmed it was, precisely, including the exact 26.9% net-share percentage. Added two new claims (CL-774/775) for genuinely new findings not previously logged: the 1.2% federal/provincial capital-financing share and the primary-sourced 1,497.5 staff figure.",NOT_NEEDED,assessed - sparse process language,2026-07-04
MAIN_HMK_035_Public_Space_Homelessness_Costs.md,127,14,PARTIAL,"TTC 2026 budget figures confirmed exactly against the actual TTC budget presentation PDF, down to individual line items (2023 breakdown, $26.2M safety/security/wellbeing 2026) - already properly logged (CL-396/399/400)",NOT_NEEDED,assessed July 3 - twelfth consecutive clean result,2026-07-03
MAIN_HMK_036_Daytime_Destinations_Engagement.md,94,6,PARTIAL,"Verified the STAR/Durbin et al. 2021 study exactly (identity, authors, DOI, primary outcome measure). Found a genuine addition (not a correction): a post-hoc dose-response finding (14+ hours of participation showed significant improvement) that this library did not previously have - added as CL-766, flagged as worth incorporating into a future HMK-036 revision since it nuances rather than contradicts the existing careful ""tentative, not yet proven"" framing.",NOT_NEEDED,"assessed July 3 - sparse process language, substantive on inspection",2026-07-03
MAIN_HMK_037_Workforce_Employment_Analysis.md,75,0,PARTIAL,"Verified the core Statistics Canada homelessness support sector figures exactly, word-for-word, against StatCans own publication: 10,130 workers nationally, Toronto CMA 1,580 (15.6% - largest single-city share), 73.8% women, the precise +132.8% growth in the 15-24 age cohort. This document explicitly refuses to manufacture a false combined total (citing its own prior discipline from HMK-029 Part 8) - a genuinely disciplined methodological choice. All core findings already properly logged (CL-402/403/405) - no gaps found. This is the final HMK document in the combined workflow queue.",NOT_NEEDED,assessed - sparse process language,2026-07-04
MAIN_HMK_038_Historical_Cost_Escalation_Analysis.md,393,8,PARTIAL,"This document is itself an exceptional model of self-auditing rigor - extensive built-in ✅/⚠️ marking, explicit self-corrections, and an honest disclosure of its own three bare-domain (non-)citations (CL-556/557/558). Independently re-verified the single most load-bearing figure (the $52.13 2010 per diem baseline) directly against the primary staff report PDF - confirmed exactly not just at the headline level but the entire granular appendix breakdown (every individual shelter rate matched word-for-word: Dixon Hall $56.35, Homes First $50.00/$33.05/$39.35, Fred Victor $63.00, etc.), plus the 2009 baseline ($51.25, not the derived $51.23), the funding shortfall ($31.4M), and bed-night counts (935,735). All self-cited claim IDs (CL-542/544/545/552/556/557/558) confirmed to exist and match. This document sets a genuinely high bar; verification here mostly confirmed work already done to a very high standard rather than finding new errors.",DONE,previously fully cleaned - one of the two established example documents for this initiative,2026-07-03
MAIN_HMK_039_Gaetz_COH_Research_Synthesis.md,235,17,PARTIAL,"Verified the highest-stakes claim (Ontario 2015 Expert Advisory Panel, Gaetz named member, chronic-homelessness-by-2025 target) exactly across multiple independent sources - a real government accountability claim. Also confirmed the $43.788B federal ask. Both already properly logged (CL-641, CL-619/634). Document has exceptional built-in self-verification throughout (dozens of direct-fetch confirmations and honest unconfirmed-flags already present).",PARTIAL,previously partially cleaned per earlier session note - not re-assessed this pass,2026-07-03
MAIN_HMK_040_Legal_International_Standards.md,234,27,PARTIAL,"2 of 27 claims checked (Bill 6 74-39 vote, OECD $1.44 USD correction) - both confirmed accurate",NOT_NEEDED,"assessed July 3 - well-organized despite length, external-submission review section is substantive not noise",2026-07-03
MAIN_HMK_041_Two_Key_Shelter_Operator_Case_Studies.md,404,30,PARTIAL,"13 of 29 claims checked (shared sample w/ HMK-027 pass), all confirmed",NOT_ASSESSED,,2026-07-03
MAIN_DERIV_015_Declining_Shelter_Cost_Transparency.md,64,3,PARTIAL,"First DERIV document checked. This is a well-constructed standalone ""absence"" finding, built from HMK-038 material already deeply verified earlier this session. Attempted to independently re-confirm the specific $75.75 (St. Vincent de Paul - Amelie) highest-rate figure from the 2010 per diem schedule - could not re-surface this specific figure in a search this pass, though the source document itself and its general structure were already verified as legitimate during the HMK-038 check. Noted honestly rather than assumed. The document own $146/night figure is already correctly flagged as unconfirmed (CL-564) by the document itself - appropriate hedging already in place.",NOT_NEEDED,"assessed - ""Layer 1-4"" structure is substantive organization, not clutter",2026-07-04
MAIN_DERIV_014_Compassion_Narrative.md,75,12,PARTIAL,"Draws almost entirely on figures already confirmed exactly elsewhere this session (JHSO 7,455/17.3%, At Home/Chez Soi 73%/32%, SNA 58%/31%, ICES $12,209/6.9x, TTC $26.2M, daytime drop-in $14.4M). Verified the two genuinely new claims: the SNA 3,682-person sample size and its ""affordable housing/RGI was the top prevention factor"" finding - both confirmed exactly. Found a gap - no ledger entry for this specific sample-size/ranking fact - added as CL-776.",NOT_NEEDED,"assessed - campaign talking-points document, appropriately structured for its purpose",2026-07-04
MAIN_DERIV_013_Volunteer_Quick_Ref.md,81,10,PARTIAL,"A real near-miss this pass, caught before pushing: web searches failed to find the ""1,583 people / 27%"" COHB-delay figure, so it was briefly replaced with an alternative before checking MAIN_TRACK_003 and MAIN_REVIEW_005 own history, which showed the original figures (5,927 to 4,344, exactly 1,583 people, exactly 26.7%) were already vetted through this library own internal Opus review process. Independently confirmed the 4,344 (2024) figure directly against the primary SNA report. Reverted the incorrect edit before committing, added a proper ledger entry (CL-777) since this precise, important figure - referenced across 8+ documents - had none. Same lesson as the earlier HMK-015 near-miss: check this library own correction history before treating a failed search as evidence of a false claim.",NOT_NEEDED,"assessed - a volunteer quick-reference card, appropriately structured",2026-07-04
MAIN_DERIV_010_Five_Facts.md,90,5,PARTIAL,"Verified all 5 cards. Confirmed Bill 28 (Homelessness Ends with Housing Act) exists and was defeated as described, but fixed ambiguous phrasing (""passed a bill through debate"") that could be misread as the bill succeeding when it was actually voted down - now explicit. Confirmed Card 5s 21% Toronto decrease and 7.8% province-wide increase figures exactly against the Citys own SNA page and CBC/AMO direct reporting. The 1,583/26.7% COHB figures in Card 3 already match the confirmed, correctly-sourced values verified during the DERIV-013 near-miss earlier this session - good consistency check, no fix needed. All facts already properly logged.",NOT_NEEDED,"assessed - zero process-language markers, a clean campaign-card document",2026-07-04
MAIN_DERIV_016_Public_Opinion_Messaging_Research.md,129,25,PARTIAL,"An exceptionally rigorous, already extensively self-auditing document (8-source cross-validation, explicit error-flagging, self-correction of its own first draft). Deep-verified Part 3 (the Nov 13 2025 MM34.4 council vote) directly against the Citys own official record - EVERY detail confirmed exactly: the 16-3-7 final vote with every name in order, the 20-6-0 waive-referral vote confirming Chow present+yes early then absent for later votes, and Bradfords precise no-then-yes voting sequence. This is about as precise as verification gets. Added enriching context (Bradfords own ""5%"" quote, Moise/Perks floor opposition) confirmed against CP24 direct reporting. All facts already properly logged across 4+ ledger entries.",NOT_NEEDED,"assessed - exceptionally well-organized, all process language is substantive methodology documentation",2026-07-04
MAIN_DERIV_011_Follow_The_Money.md,138,40+,PARTIAL,"An extraordinarily dense document, already through many internal verification rounds this session (YWCA date fix, Homes First overhead correction, WoodGreen capitalization sweep, all fixed earlier). This pass: confirmed the Canadian Red Cross contract figures ($60,137,629 to $74,095,341, contract 47024284) exactly, word-for-word, dollar-for-dollar against the primary Council agenda item. Attempted to confirm WoodGreen CEO Anne Babcocks specific 2025 salary ($358,492) - could only independently confirm the 2024 figure ($335,576.88) across multiple aggregators; the 2025 figure is plausible given the trend but not independently re-confirmed, flagged honestly in both the document and CL-508 rather than asserted or silently accepted.",NOT_NEEDED,"assessed - dense but every passage is substantive research documentation, an exceptional document",2026-07-04
MAIN_DERIV_001_Wave1_Campaign_Assets.md,156,30+,PARTIAL,"Found a real, live error in Tier 5s table: ""82%"" opioid-overdose-call increase, when this librarys own extensive prior work established the correct figure is ~119% (CBCs own cited raw numbers, 160-350, produce 118.75% - CBCs own ""82%"" framing is itself an arithmetic error). SELF-CAUGHT NEAR-MISS: initially ""corrected"" Tier 4 from the correct 119% back to the wrong 82%, trusting a secondary CBC article without checking the underlying math myself - caught via this library own correction history (TRACK_003/005) before pushing, reverted, then fixed the ACTUAL error (Tier 5s table) instead. Also found and fixed a genuine regression-test gap: test 2.16 required the literal word ""overdose"" nearby, but this table said ""Opioid calls"" - closed by broadening the regex. Also verified the FAO 0.1%/year real-terms housing spending stagnation figure exactly, added as CL-778.",NOT_NEEDED,"assessed - dense campaign-ready content, no clutter",2026-07-04
MAIN_DERIV_009_Ford_Accountability_Timeline.md,160,30+,PARTIAL,"Already correctly uses 119% (not 82%) for the opioid-overdose figure, confirming the DERIV-001 fix propagated correctly. Found and fixed a real error in the scorecard table: ""1,615 people unsheltered (1,446 sleeping directly outdoors; 646 in encampments)"" - the parenthetical sums to 2,092, not 1,615, and appears to conflate the Oct 2024 headline total with a different datasets components; no primary source confirms this specific sub-breakdown for Oct 2024. Propagated the same fix to 5 more documents (DERIV-007/008, HMK-001/003, REF-002). CL-177 already appropriately hedges a related but distinct tension (1,446 primary-source vs 1,615 media-reported as the headline total) - not re-litigated in this pass, the fix here concerns the unconfirmed sub-breakdown specifically, valid regardless of which headline total is preferred.",NOT_NEEDED,"assessed - dense timeline content, no clutter",2026-07-04
MAIN_DERIV_005_Campaign_Fact_Sheet.md,169,55+,PARTIAL,"Resolved a previously-flagged open item from earlier this session: the Northern Ontario ""+204% since 2016 (1,771->5,377)"" figure. Confirmed word-for-word exactly against the original January 2025 AMO/HelpSeeker report (via NOSDA/RRDSSAB press release quoting it directly) - a real, accurate figure, distinct from (not contradicting) a different 117.5%/2021-2025 Northern Ontario growth figure from a later report edition. Added as CL-779, closing the open item. Already correctly uses 119% for the opioid figure and 105,115/applications for the waitlist figure, confirming earlier fixes propagated correctly. This document is itself already exceptionally disciplined - has its own ""what is NOT in this document"" section explicitly listing removed unverifiable claims.",NOT_NEEDED,"assessed - dense tabular fact sheet, no clutter",2026-07-04
MAIN_DERIV_008_Ward_Accountability_Tracker.md,187,30+,PARTIAL,"Verified the Chris Moise/Fitzrovia donation figures exactly against CBC direct reporting ($10,800 of $91,695.25, 11.8% - math confirmed precisely), noting the library correctly used CBCs careful figure over more inflated numbers found on partisan advocacy sites during this check. Already properly logged (CL-668). The MM34.4 vote in this document was independently confirmed exactly during the MAIN_DERIV_016 check earlier this session (16-3-7, every name, Chow present-then-absent, Bradford no-then-yes) - consistent here. Already fixed the 1,615/1,446 arithmetic error here as part of the DERIV-009 propagation fix. This document has exceptional built-in rigor - it caught and explicitly documented a severe fabrication in an external research submission (wrong ward-councillor mappings) rather than silently using it.",NOT_NEEDED,"assessed - dense accountability content, substantive throughout",2026-07-04
MAIN_DERIV_002_Wave2_Journalist_Guide.md,193,40+,PARTIAL,"Already correctly uses 119% for the opioid figure, confirming propagation. Verified The Local publication TTC subway-delays figure (51% attributed to external factors) exactly against the primary article. Found a gap - no ledger entry despite being a specific, quotable figure - added as CL-780. The Ottawa $845,100/0.4% HPP allocation figure already properly logged (CL-269).",NOT_NEEDED,"assessed - well-organized journalist briefing, no clutter",2026-07-04
MAIN_DERIV_003_Election_Toolkit_2026.md,197,30+,PARTIAL,"Found and fixed a real internal inconsistency: this document said ""unanimously"" for the November 2023 HSCIS vote in two places, contradicting its own Part 4 table which correctly shows 22-1 with Holyday dissenting. Confirmed via direct primary-source check (Holyday specifically requested separate recorded votes on the recommendations he opposed) and via the ledger, which already had this exactly right (CL-277: ""22-1; Stephen Holyday sole No vote"") - only the document prose had drifted. Propagated the identical fix to MAIN_DERIV_008, which had the same ""unanimously"" error.",NOT_NEEDED,"assessed - dense candidate questionnaire content, no clutter",2026-07-04
MAIN_DERIV_007_Ford_Promises_File.md,218,40+,PARTIAL,"Verified Torontos own Bill 23 impact figures exactly against multiple primary and press sources: $230M/year total (20% revenue reduction), $120M/year specifically tied to affordable housing funding - both confirmed word-for-word against CBC/CP24 direct reporting and the Citys own staff reports. Already properly logged with full precision (CL-389). Already fixed the 1,615/1,446 arithmetic error here as part of the DERIV-009 propagation fix earlier this session. This document has exceptional built-in legal-review discipline (a dedicated defamation-law framework at the top, explicit source-check status per claim, self-correction of a bracketed-quote misrepresentation).",NOT_NEEDED,"assessed - sparse relative to length (218 lines, 4 instances), all substantive",2026-07-04
MAIN_DERIV_012_Candidate_Accountability.md,226,30+,PARTIAL,"Verified the 2021.CC34.1 council item exactly against both the primary TMMIS agenda item history and the Citys own press release: Holydays ""zero encampments"" amendment and Cressys ""ending chronic homelessness"" amendment both carried at the same meeting - confirmed, plus richer procedural detail than the document itself captured (Cressy initial attempt to amend Holydays own motion was ruled out of order, leading to his separate motion). Already properly logged (CL-729). The MM34.4 200m/50m tiered-structure explanation in this document already matches my own independent verification from earlier this session exactly - good consistency confirmation.",NOT_NEEDED,"assessed - sparse, substantive",2026-07-04
MAIN_DERIV_004_FOI_Filing_Templates.md,251,15+,PARTIAL,"This document is largely FOI-request boilerplate and legal procedural language rather than new factual claims. The substantive facts cited in it (the $13.2M/$14.9M hotel overcharge, $2.9M unrecovered surplus, COHB suspension dates, the 234,000 figure, the 5,927/4,344 exits, and the $320M 2021 hotel spend total) were all already independently verified earlier this session, either directly or via cross-document propagation. Checked the $320M figure specifically - already properly logged (CL-012, CL-566). This document appropriately references the 59,100 OW/ODSP figure in FOI-004 without the 31,642 correction noted elsewhere - acceptable here since this FOI specifically requests the methodology behind the original 59,100 figure as filed in the transition binder, not asserting it as a current fact.",NOT_NEEDED,"assessed - sparse, procedural/template document by design",2026-07-04
MAIN_DERIV_006_Suno_Album_Brief.md,560,20+,PARTIAL,"A different kind of document - a 12-track original creative brief for AI music generation, not a standard factual asset. Applied a different lens: checked the factual claims embedded in the lyrics rather than treating it as pure creative content exempt from verification, while respecting its nature as original work (not reproduced copyrighted material). Found and fixed two real, complementary errors in Track 6 (""216""): the theme line said ""223 broader total"" (should be 216, matching the lyrics and confirmed CBC/TPH data); the lyrics said ""twenty twenty-five"" for the 59-deaths figure (should be twenty twenty-four, matching the theme line and the primary TSSS Annual Review). Added CL-781/782 for these previously-unlogged figures. Most other factual claims across the 12 tracks (12,742 bed-nights, $733/month OW, 283% shelter violence increase, $320M hotel spend, At Home/Chez Soi) were already verified earlier this session. This document has good built-in discipline (no naming real living individuals, no unsourced statistics permitted).",NOT_NEEDED,"assessed - creative content by design, not applicable in the usual sense",2026-07-04
RESOURCE_GUIDE_SPINE_001.md,136,"N/A - safety check, not citation check",PARTIAL,"Phase 0.1 safety check (MAIN_PROC_013), not a citation check - this document is explicitly exempt from the claim-ledger discipline by design. Confirmed all critical phone numbers current and accurate (Central Intake, Legal Aid Ontario, MCCSS/VAW complaints line) against multiple independent current sources. Found and fixed two consequential issues: added the current COHB allocation-freeze status (someone could otherwise invest effort pursuing a currently-impossible referral without knowing to ask first), and corrected a misattribution of the Good Samaritan Drug Overdose Act (federal, not Ontario-specific) while adding a significant Nov 2025 SCC ruling that strengthened the protection - directly relevant to whether someone feels safe calling 911 during an overdose.",N/A,"Standalone document, different discipline - see MAIN_PROC_013",2026-07-05
SHELTER_OPERATIONS_GUIDE_001.md,233,"N/A - safety check, not citation check",PARTIAL,"Phase 0.1 safety check (MAIN_PROC_013), applying the safety-review lens rather than citation-verification since this is also an exempt standalone document. Confirmed the foundational trauma-prevalence framing (Dinnen et al 2014) is a real, actively-cited reference in this exact academic field, consistent with the broader literature (40-98% ranges commonly reported). Confirmed both named Indigenous organizations (TIPP, ALFDC) are real, currently operating. Identified a genuine content gap during this check: trauma has no dedicated HMK-series treatment despite being this guide own central organizing fact - logged as Task U in MAIN_TASK_001 and item 29 in MAIN_TRACK_001. Full citation-by-citation check (Kirwan & McLaughlin 2024, FEANTSA 2025) not yet completed - remains open for a follow-up pass.",N/A,"Standalone document, different discipline - see MAIN_PROC_013",2026-07-05
MAIN_POLICY_001_Master_Recommendations.md,513,80+,PARTIAL,"Phase 2, first document. Full end-to-end read of all 513 lines, all 50 recommendations across 6 tiers (confirmed exactly: 16+7+5+12+5+5=50, matching the title). Found and fixed two real internal inconsistencies (both stemming from the 216/223 mortality-figure error - see TRACK_001 item 30): the six-numbers table and the Financing Summary narrative both briefly contradicted the correctly-stated 223 figure elsewhere in the same document. Verified new citations: Ali et al. 2026 (gendered mortality study, DOI-confirmed), Feed Ontario 2025 Hunger Report (1,007,441/76%/87% all confirmed exactly), Dunn House (confirmed real, plus added valuable NEW outcome data - 52% ED-visit reduction, 79% hospital-time reduction, $2.1M savings - not previously in this library), and the Tribunal Watch LTB data-alteration allegation (confirmed exactly against Tribunal Watch own site). Two citations (Podymow 2006, OGrady/Gaetz/Buccieri 2011/2013) logged as VERIFY rather than VERIFIED - real, plausible, but not independently re-traced to source this pass. Most Tier 2-6 content and the ROI/accountability addenda were already independently verified elsewhere this session - confirmed consistent, not re-verified from scratch.",NOT_NEEDED,"assessed - dense but well-organized, every passage substantive",2026-07-05
TORONTO_HOMELESSNESS_REPORT.md,177,40+,PARTIAL,"Phase 2. An exceptionally polished, likely flagship public document - full end-to-end read. Resolved an apparent discrepancy (this document own ""38"" vs Ali et al. 2026 ""36"" for womens median age of death) - both are legitimate, sourced figures for different, adjacent reporting periods (H1-2024 preliminary vs full-year 2024), not a contradiction. Confirmed the December 2017 Wong-Tam armoury motion vote (17-25) exactly across CBC, Torontoist, and primary Council minutes - added as CL-788. Confirmed the document appropriately avoids gendered pronouns for Wong-Tam throughout, consistent with their non-binary identity. Most other content (the $897.957M budget, the 12,742 bed-nights, Housing First cost comparisons, IHAP figures, HART Hubs) already independently verified elsewhere this session - confirmed consistent here.",NOT_NEEDED,"assessed - exceptionally well-written and organized, no clutter",2026-07-05
MAIN_POLICY_002_Council_Resolutions_Draft.md,207,N/A - derivative of POLICY-001,PARTIAL,"Phase 2. Full end-to-end read. This document is a highly derivative translation of POLICY-001s 50 recommendations into formal Council WHEREAS/RESOLVED language - every factual clause traces directly to already-verified POLICY-001 content, not new claims. Verified structural consistency: all 6 tiers correctly cross-referenced (56 REC citations across M/P/F/S/PS/DT), clause numbering internally consistent (27 clauses in Resolution 4 = 12 S-series + 5 PS-series + 5 DT-series + 5 M-12-16, matching exactly). The COHB $38M/$19.75M/$7.95M figures match what was already independently confirmed via Chow letter in DERIV-012. Appropriately, clearly marked as draft-only throughout with no procedural standing claimed.",NOT_NEEDED,"assessed - clear, well-organized legislative-format document",2026-07-05
MAIN_REF_003_Executive_Summary.md,153,25+,PARTIAL,"Phase 2. Full end-to-end read. Found and fixed a significant, real error: this document reintroduced the Woodhall-Melnik 71.8%/35.6% mischaracterization that MAIN_REVIEW_002 had already found and fixed everywhere else in the library. Root cause: this document own history (an accidental file-emptying error during an earlier session, reconstructed from the transcript) reintroduced pre-correction content. Verified HMK-010 and REF-002 already have the correct, fixed version - confirming the error was isolated to this one document reconstruction, not a broader regression. Confirmed the 223 mortality figure is already correct here (unlike the two other 216/223 instances found and fixed earlier in POLICY-001). Most other content (the $897.957M budget, cost comparisons, income-trap figures, Ford accountability items) already independently verified elsewhere this session.",NOT_NEEDED,"assessed - concise by design (2,000-word target), no clutter",2026-07-05
MAIN_REF_004_First_100_Days.md,57,N/A - derivative of POLICY-001,PARTIAL,"Phase 2. Full read. Found and fixed two stale references: ""45-recommendation set"" (confirmed exactly 50 in this session own POLICY-001 pass) and a stale ""BRIEF-001"" name (updated to MAIN_REF_003, confirmed as the same document via its own ""2,000-word"" self-description). Also fixed a stale TRACK_001 item number (Gap #32 renumbered to item 4 in a July 2 reorganization this document predates) while verifying the underlying substance (Indigenous-organization consultation precondition for HMK-031) remains accurately characterized. All ten recommendation figures ($7M/2,200 people TCHC, 12,742 bed-nights, etc.) already confirmed elsewhere this session.",NOT_NEEDED,"assessed - concise by design, no clutter",2026-07-05
MAIN_REF_005_ROI_Lock_Memo.md,101,25+,PARTIAL,"Phase 2. Full read. Verified the Treasury Board of Canada VSL figure ($9.8M, 2026 CAD) exactly, word-for-word, including the ""required to use"" framing, against Wikipedia and Canada.ca direct sourcing. Noted a more recent academic critique (Canadian Public Policy) arguing for a higher $13M updated VSL estimate - this does not contradict REF-005s claim, since REF-005 correctly frames $9.8M as the OFFICIALLY REQUIRED figure, not a claim about the best available estimate. Already properly logged (CL-353, CL-593). This document is exceptionally self-disciplined by design - a three-tier ""locked/conditional/do-not-cite"" governance structure with its own documented correction history (the Latimer DOI fix across 5 documents, the modular-housing and Latimer-societal-cost corrections). No new errors found - functions as intended.",NOT_NEEDED,"assessed - a reference/governance document, appropriately structured",2026-07-05
MAIN_AUDIT_001_Contradiction_Review.md,69,N/A - historical audit log,PARTIAL,"Phase 2. This is a historical audit log from July 2, 2026, not a live claims document - approach adapted to checking whether its own findings and flagged items still hold, three sessions later. Item 1 (OW percentage canonicalization across 5 DERIV documents) was CONFIRMED STILL FULLY OPEN despite individual citation passes on all five documents earlier this session that did not catch it - resolved directly (see commit e957758), the first time this specific audit finding has actually been acted on. Item 2 (DERIV-006 $359 lyric) confirmed as an appropriately-deferred creative-copy judgment call, left as-is. Item 3 (poverty industry framing inconsistency between HMK-001 and HMK-037) confirmed still present exactly as described, left as-is per the audits own recorded standing instruction not to force artificial consistency here.",NOT_NEEDED,"assessed - a well-organized audit log, no clutter",2026-07-05
MAIN_AUDIT_002_Legal_Stress_Test.md,50,N/A - historical legal audit log,PARTIAL,"Phase 2. Historical legal/defamation stress-test log (July 2, 2026) - checked whether its key recommendations were actually implemented, three sessions later. Confirmed the compensation legal note DID propagate to DERIV-011 as recommended, and even self-attributes the addition to AUDIT-002 (found during this sessions own earlier DERIV-011 pass, now cross-verified as intended). Confirmed the ""poverty industry"" legal-read cross-reference to TRACK_001 is accurate (an initial case-sensitive search error briefly suggested otherwise - corrected on recheck). This is a genuinely important document for the campaigns legal risk posture; no gaps found in its own follow-through.",NOT_NEEDED,"assessed - a well-organized legal audit log, no clutter",2026-07-05
MAIN_REF_002_Sources.md,1836,140+ individual source entries,PARTIAL,"Phase 2 FINAL document. Full end-to-end read, all 12 core sections (A-K) and all ~40 addenda, ~1,836 lines total - the largest single document check this session, comparable in scale to the flagship MAIN_HMK_001 pass. This document is consistently the BEST-MAINTAINED in the entire library: it already contained the correct ""about a quarter"" OW framing and the correct Woodhall-Melnik systematic-review treatment before either fix was needed elsewhere in the library today - confirming it as the genuine source of truth other documents should have matched but often hadnt. Three real issues found and fixed: (1) C-001s ""Key findings"" contradicted its own ""Key statistics"" three lines below (1,446 vs 1,615, same pattern as MAIN_POLICY_001 today); (2) H-003 had a garbled, self-contradictory fragment from an earlier edit, clarified using HMK-011s confirmed figure; (3) the Section J footer carried a drastically stale claim count (188/147/37/4 vs the actual 773+), replaced with a pointer to the live ledger. Spot-verified several genuinely new claims (Regent Park HART Hub story, Diana Chan McNally candidacy, FAO household figures) - all confirmed or already appropriately hedged as not-yet-verified by the document itself.",NOT_NEEDED,"assessed - a reference compendium by design, table-of-contents navigable, no clutter",2026-07-05
