sgc_code,geo_name,geo_level,period,metric,value,unit,source_res_id,retrieved_date
3501,"Stormont, Dundas and Glengarry UCo",CD,2024,fir_total_revenue,75293640,CAD,RES-130032,2026-07-12
3501,"Stormont, Dundas and Glengarry UCo",CD,2024,fir_own_source_revenue,71071140,CAD,RES-130032,2026-07-12
3501005,South Glengarry Tp,CSD,2024,fir_total_revenue,19030269,CAD,RES-130032,2026-07-12
3501005,South Glengarry Tp,CSD,2024,fir_own_source_revenue,17224296,CAD,RES-130032,2026-07-12
3501011,South Stormont Tp,CSD,2024,fir_total_revenue,23955983,CAD,RES-130032,2026-07-12
3501011,South Stormont Tp,CSD,2024,fir_own_source_revenue,22372203,CAD,RES-130032,2026-07-12
3501020,South Dundas Tp,CSD,2024,fir_total_revenue,18065660,CAD,RES-130032,2026-07-12
3501020,South Dundas Tp,CSD,2024,fir_own_source_revenue,16605603,CAD,RES-130032,2026-07-12
3501030,North Dundas Tp,CSD,2024,fir_total_revenue,21971501,CAD,RES-130032,2026-07-12
3501030,North Dundas Tp,CSD,2024,fir_own_source_revenue,20454889,CAD,RES-130032,2026-07-12
3501042,North Stormont Tp,CSD,2024,fir_total_revenue,12019304,CAD,RES-130032,2026-07-12
3501042,North Stormont Tp,CSD,2024,fir_own_source_revenue,10121974,CAD,RES-130032,2026-07-12
3501050,North Glengarry Tp,CSD,2024,fir_total_revenue,17966944,CAD,RES-130032,2026-07-12
3501050,North Glengarry Tp,CSD,2024,fir_own_source_revenue,16001668,CAD,RES-130032,2026-07-12
3502,Prescott and Russell UCo,CD,2024,fir_total_revenue,144947568,CAD,RES-130032,2026-07-12
3502,Prescott and Russell UCo,CD,2024,fir_own_source_revenue,79196006,CAD,RES-130032,2026-07-12
3502001,East Hawkesbury Tp,CSD,2024,fir_total_revenue,4982795,CAD,RES-130032,2026-07-12
3502001,East Hawkesbury Tp,CSD,2024,fir_own_source_revenue,4511887,CAD,RES-130032,2026-07-12
3502008,Hawkesbury T,CSD,2024,fir_total_revenue,28097377,CAD,RES-130032,2026-07-12
3502008,Hawkesbury T,CSD,2024,fir_own_source_revenue,25649207,CAD,RES-130032,2026-07-12
3502010,Champlain Tp,CSD,2024,fir_total_revenue,17796617,CAD,RES-130032,2026-07-12
3502010,Champlain Tp,CSD,2024,fir_own_source_revenue,15566223,CAD,RES-130032,2026-07-12
3502023,Alfred and Plantagenet Tp,CSD,2024,fir_total_revenue,19658422,CAD,RES-130032,2026-07-12
3502023,Alfred and Plantagenet Tp,CSD,2024,fir_own_source_revenue,18343918,CAD,RES-130032,2026-07-12
3502025,The Nation M,CSD,2024,fir_total_revenue,29296608,CAD,RES-130032,2026-07-12
3502025,The Nation M,CSD,2024,fir_own_source_revenue,28001763,CAD,RES-130032,2026-07-12
3502036,Clarence-Rockland C,CSD,2024,fir_total_revenue,61512919,CAD,RES-130032,2026-07-12
3502036,Clarence-Rockland C,CSD,2024,fir_own_source_revenue,57537952,CAD,RES-130032,2026-07-12
3502044,Casselman M,CSD,2024,fir_total_revenue,12443338,CAD,RES-130032,2026-07-12
3502044,Casselman M,CSD,2024,fir_own_source_revenue,11188485,CAD,RES-130032,2026-07-12
3502048,Russell Tp,CSD,2024,fir_total_revenue,68720669,CAD,RES-130032,2026-07-12
3502048,Russell Tp,CSD,2024,fir_own_source_revenue,66436419,CAD,RES-130032,2026-07-12
3506008,Ottawa C,CSD,2024,fir_total_revenue,5539836792,CAD,RES-130032,2026-07-12
3506008,Ottawa C,CSD,2024,fir_own_source_revenue,4390201506,CAD,RES-130032,2026-07-12
3507,Leeds and Grenville UCo,CD,2024,fir_total_revenue,148031460,CAD,RES-130032,2026-07-12
3507,Leeds and Grenville UCo,CD,2024,fir_own_source_revenue,75234754,CAD,RES-130032,2026-07-12
3507004,Edwardsburgh-Cardinal Tp,CSD,2024,fir_total_revenue,25700795,CAD,RES-130032,2026-07-12
3507004,Edwardsburgh-Cardinal Tp,CSD,2024,fir_own_source_revenue,24156699,CAD,RES-130032,2026-07-12
3507006,Augusta Tp,CSD,2024,fir_total_revenue,9037567,CAD,RES-130032,2026-07-12
3507006,Augusta Tp,CSD,2024,fir_own_source_revenue,7952845,CAD,RES-130032,2026-07-12
3507008,Prescott ST,CSD,2024,fir_total_revenue,17863803,CAD,RES-130032,2026-07-12
3507008,Prescott ST,CSD,2024,fir_own_source_revenue,13954527,CAD,RES-130032,2026-07-12
3507014,Elizabethtown-Kitley Tp,CSD,2024,fir_total_revenue,10919739,CAD,RES-130032,2026-07-12
3507014,Elizabethtown-Kitley Tp,CSD,2024,fir_own_source_revenue,10076395,CAD,RES-130032,2026-07-12
3507017,Front of Yonge Tp,CSD,2024,fir_total_revenue,3259062,CAD,RES-130032,2026-07-12
3507017,Front of Yonge Tp,CSD,2024,fir_own_source_revenue,2922656,CAD,RES-130032,2026-07-12
3507021,Leeds and the Thousand Islands Tp,CSD,2024,fir_total_revenue,18434100,CAD,RES-130032,2026-07-12
3507021,Leeds and the Thousand Islands Tp,CSD,2024,fir_own_source_revenue,16977960,CAD,RES-130032,2026-07-12
3507024,Gananoque ST,CSD,2024,fir_total_revenue,30145141,CAD,RES-130032,2026-07-12
3507024,Gananoque ST,CSD,2024,fir_own_source_revenue,25235453,CAD,RES-130032,2026-07-12
3507033,Westport V,CSD,2024,fir_total_revenue,3434274,CAD,RES-130032,2026-07-12
3507033,Westport V,CSD,2024,fir_own_source_revenue,3162316,CAD,RES-130032,2026-07-12
3507040,Rideau Lakes Tp,CSD,2024,fir_total_revenue,21028363,CAD,RES-130032,2026-07-12
3507040,Rideau Lakes Tp,CSD,2024,fir_own_source_revenue,20056713,CAD,RES-130032,2026-07-12
3507042,Athens Tp,CSD,2024,fir_total_revenue,3081572,CAD,RES-130032,2026-07-12
3507042,Athens Tp,CSD,2024,fir_own_source_revenue,2883650,CAD,RES-130032,2026-07-12
3507052,Merrickville-Wolford V,CSD,2024,fir_total_revenue,8227718,CAD,RES-130032,2026-07-12
3507052,Merrickville-Wolford V,CSD,2024,fir_own_source_revenue,7084400,CAD,RES-130032,2026-07-12
3507065,North Grenville M,CSD,2024,fir_total_revenue,37771708,CAD,RES-130032,2026-07-12
3507065,North Grenville M,CSD,2024,fir_own_source_revenue,35476148,CAD,RES-130032,2026-07-12
3509,Lanark Co,CD,2024,fir_total_revenue,117139105,CAD,RES-130032,2026-07-12
3509,Lanark Co,CD,2024,fir_own_source_revenue,59481428,CAD,RES-130032,2026-07-12
3509001,Montague Tp,CSD,2024,fir_total_revenue,6110470,CAD,RES-130032,2026-07-12
3509001,Montague Tp,CSD,2024,fir_own_source_revenue,5592049,CAD,RES-130032,2026-07-12
3509004,Smiths Falls ST,CSD,2024,fir_total_revenue,42751508,CAD,RES-130032,2026-07-12
3509004,Smiths Falls ST,CSD,2024,fir_own_source_revenue,36163930,CAD,RES-130032,2026-07-12
3509010,Drummond-North Elmsley Tp,CSD,2024,fir_total_revenue,8292208,CAD,RES-130032,2026-07-12
3509010,Drummond-North Elmsley Tp,CSD,2024,fir_own_source_revenue,7781175,CAD,RES-130032,2026-07-12
3509015,Tay Valley Tp,CSD,2024,fir_total_revenue,10137786,CAD,RES-130032,2026-07-12
3509015,Tay Valley Tp,CSD,2024,fir_own_source_revenue,9319823,CAD,RES-130032,2026-07-12
3509021,Perth T,CSD,2024,fir_total_revenue,20393822,CAD,RES-130032,2026-07-12
3509021,Perth T,CSD,2024,fir_own_source_revenue,18701091,CAD,RES-130032,2026-07-12
3509024,Beckwith Tp,CSD,2024,fir_total_revenue,11871822,CAD,RES-130032,2026-07-12
3509024,Beckwith Tp,CSD,2024,fir_own_source_revenue,10489232,CAD,RES-130032,2026-07-12
3509028,Carleton Place T,CSD,2024,fir_total_revenue,43497644,CAD,RES-130032,2026-07-12
3509028,Carleton Place T,CSD,2024,fir_own_source_revenue,41760741,CAD,RES-130032,2026-07-12
3509030,Mississippi Mills M,CSD,2024,fir_total_revenue,33515683,CAD,RES-130032,2026-07-12
3509030,Mississippi Mills M,CSD,2024,fir_own_source_revenue,30911903,CAD,RES-130032,2026-07-12
3509039,Lanark Highlands Tp,CSD,2024,fir_total_revenue,10888978,CAD,RES-130032,2026-07-12
3509039,Lanark Highlands Tp,CSD,2024,fir_own_source_revenue,9891970,CAD,RES-130032,2026-07-12
3510,Frontenac Co,CD,2024,fir_total_revenue,64837762,CAD,RES-130032,2026-07-12
3510,Frontenac Co,CD,2024,fir_own_source_revenue,36359252,CAD,RES-130032,2026-07-12
3510005,Frontenac Islands Tp,CSD,2024,fir_total_revenue,6086446,CAD,RES-130032,2026-07-12
3510005,Frontenac Islands Tp,CSD,2024,fir_own_source_revenue,5079596,CAD,RES-130032,2026-07-12
3510010,Kingston C,CSD,2024,fir_total_revenue,710011366,CAD,RES-130032,2026-07-12
3510010,Kingston C,CSD,2024,fir_own_source_revenue,562226573,CAD,RES-130032,2026-07-12
3510020,South Frontenac Tp,CSD,2024,fir_total_revenue,33922455,CAD,RES-130032,2026-07-12
3510020,South Frontenac Tp,CSD,2024,fir_own_source_revenue,31311489,CAD,RES-130032,2026-07-12
3510035,Central Frontenac Tp,CSD,2024,fir_total_revenue,15961750,CAD,RES-130032,2026-07-12
3510035,Central Frontenac Tp,CSD,2024,fir_own_source_revenue,14870729,CAD,RES-130032,2026-07-12
3510045,North Frontenac Tp,CSD,2024,fir_total_revenue,12130933,CAD,RES-130032,2026-07-12
3510045,North Frontenac Tp,CSD,2024,fir_own_source_revenue,10809984,CAD,RES-130032,2026-07-12
3511,Lennox and Addington Co,CD,2024,fir_total_revenue,104758238,CAD,RES-130032,2026-07-12
3511,Lennox and Addington Co,CD,2024,fir_own_source_revenue,51129375,CAD,RES-130032,2026-07-12
3511005,Loyalist Tp,CSD,2024,fir_total_revenue,72401957,CAD,RES-130032,2026-07-12
3511005,Loyalist Tp,CSD,2024,fir_own_source_revenue,54480341,CAD,RES-130032,2026-07-12
3511015,Greater Napanee T,CSD,2024,fir_total_revenue,35750338,CAD,RES-130032,2026-07-12
3511015,Greater Napanee T,CSD,2024,fir_own_source_revenue,32596204,CAD,RES-130032,2026-07-12
3511030,Stone Mills Tp,CSD,2024,fir_total_revenue,12831606,CAD,RES-130032,2026-07-12
3511030,Stone Mills Tp,CSD,2024,fir_own_source_revenue,11647041,CAD,RES-130032,2026-07-12
3511035,Addington Highlands Tp,CSD,2024,fir_total_revenue,8230657,CAD,RES-130032,2026-07-12
3511035,Addington Highlands Tp,CSD,2024,fir_own_source_revenue,7699845,CAD,RES-130032,2026-07-12
3512,Hastings Co,CD,2024,fir_total_revenue,194425328,CAD,RES-130032,2026-07-12
3512,Hastings Co,CD,2024,fir_own_source_revenue,78399436,CAD,RES-130032,2026-07-12
3512001,Tyendinaga Tp,CSD,2024,fir_total_revenue,6169573,CAD,RES-130032,2026-07-12
3512001,Tyendinaga Tp,CSD,2024,fir_own_source_revenue,5382994,CAD,RES-130032,2026-07-12
3512002,Deseronto T,CSD,2024,fir_total_revenue,5154605,CAD,RES-130032,2026-07-12
3512002,Deseronto T,CSD,2024,fir_own_source_revenue,4827918,CAD,RES-130032,2026-07-12
3512005,Belleville C,CSD,2024,fir_total_revenue,217724366,CAD,RES-130032,2026-07-12
3512005,Belleville C,CSD,2024,fir_own_source_revenue,203372676,CAD,RES-130032,2026-07-12
3512015,Quinte West C,CSD,2024,fir_total_revenue,141487955,CAD,RES-130032,2026-07-12
3512015,Quinte West C,CSD,2024,fir_own_source_revenue,129813540,CAD,RES-130032,2026-07-12
3512020,Stirling-Rawdon Tp,CSD,2024,fir_total_revenue,12737553,CAD,RES-130032,2026-07-12
3512020,Stirling-Rawdon Tp,CSD,2024,fir_own_source_revenue,11765877,CAD,RES-130032,2026-07-12
3512026,Centre Hastings M,CSD,2024,fir_total_revenue,12367672,CAD,RES-130032,2026-07-12
3512026,Centre Hastings M,CSD,2024,fir_own_source_revenue,10663487,CAD,RES-130032,2026-07-12
3512030,Tweed M,CSD,2024,fir_total_revenue,10849966,CAD,RES-130032,2026-07-12
3512030,Tweed M,CSD,2024,fir_own_source_revenue,9753841,CAD,RES-130032,2026-07-12
3512046,Marmora and Lake M,CSD,2024,fir_total_revenue,11410242,CAD,RES-130032,2026-07-12
3512046,Marmora and Lake M,CSD,2024,fir_own_source_revenue,10651195,CAD,RES-130032,2026-07-12
3512048,Tudor and Cashel Tp,CSD,2024,fir_total_revenue,2974696,CAD,RES-130032,2026-07-12
3512048,Tudor and Cashel Tp,CSD,2024,fir_own_source_revenue,2529855,CAD,RES-130032,2026-07-12
3512051,Limerick Tp,CSD,2024,fir_total_revenue,2125897,CAD,RES-130032,2026-07-12
3512051,Limerick Tp,CSD,2024,fir_own_source_revenue,2006576,CAD,RES-130032,2026-07-12
3512054,Wollaston Tp,CSD,2024,fir_total_revenue,3513134,CAD,RES-130032,2026-07-12
3512054,Wollaston Tp,CSD,2024,fir_own_source_revenue,3276092,CAD,RES-130032,2026-07-12
3512058,Faraday Tp,CSD,2024,fir_total_revenue,4532267,CAD,RES-130032,2026-07-12
3512058,Faraday Tp,CSD,2024,fir_own_source_revenue,4475991,CAD,RES-130032,2026-07-12
3512061,Bancroft T,CSD,2024,fir_total_revenue,12986339,CAD,RES-130032,2026-07-12
3512061,Bancroft T,CSD,2024,fir_own_source_revenue,12551612,CAD,RES-130032,2026-07-12
3512065,Carlow-Mayo Tp,CSD,2024,fir_total_revenue,2506743,CAD,RES-130032,2026-07-12
3512065,Carlow-Mayo Tp,CSD,2024,fir_own_source_revenue,2323952,CAD,RES-130032,2026-07-12
3512076,Hastings Highlands M,CSD,2024,fir_total_revenue,12946268,CAD,RES-130032,2026-07-12
3512076,Hastings Highlands M,CSD,2024,fir_own_source_revenue,12225024,CAD,RES-130032,2026-07-12
3513020,Prince Edward County C,CSD,2024,fir_total_revenue,95768659,CAD,RES-130032,2026-07-12
3513020,Prince Edward County C,CSD,2024,fir_own_source_revenue,84206216,CAD,RES-130032,2026-07-12
3514,Northumberland Co,CD,2024,fir_total_revenue,163923189,CAD,RES-130032,2026-07-12
3514,Northumberland Co,CD,2024,fir_own_source_revenue,98497570,CAD,RES-130032,2026-07-12
3514004,Brighton M,CSD,2024,fir_total_revenue,26660347,CAD,RES-130032,2026-07-12
3514004,Brighton M,CSD,2024,fir_own_source_revenue,24820211,CAD,RES-130032,2026-07-12
3514019,Hamilton Tp,CSD,2024,fir_total_revenue,14675905,CAD,RES-130032,2026-07-12
3514019,Hamilton Tp,CSD,2024,fir_own_source_revenue,13657273,CAD,RES-130032,2026-07-12
3514020,Port Hope M,CSD,2024,fir_total_revenue,51324847,CAD,RES-130032,2026-07-12
3514020,Port Hope M,CSD,2024,fir_own_source_revenue,45110349,CAD,RES-130032,2026-07-12
3514024,Alnwick-Haldimand Tp,CSD,2024,fir_total_revenue,11495784,CAD,RES-130032,2026-07-12
3514024,Alnwick-Haldimand Tp,CSD,2024,fir_own_source_revenue,10412112,CAD,RES-130032,2026-07-12
3514028,Trent Hills M,CSD,2024,fir_total_revenue,39651760,CAD,RES-130032,2026-07-12
3514028,Trent Hills M,CSD,2024,fir_own_source_revenue,32266650,CAD,RES-130032,2026-07-12
3515,Peterborough Co,CD,2024,fir_total_revenue,94920795,CAD,RES-130032,2026-07-12
3515,Peterborough Co,CD,2024,fir_own_source_revenue,76739975,CAD,RES-130032,2026-07-12
3515003,Asphodel-Norwood Tp,CSD,2024,fir_total_revenue,8387851,CAD,RES-130032,2026-07-12
3515003,Asphodel-Norwood Tp,CSD,2024,fir_own_source_revenue,7728831,CAD,RES-130032,2026-07-12
3515005,Otonabee-South Monaghan Tp,CSD,2024,fir_total_revenue,12454284,CAD,RES-130032,2026-07-12
3515005,Otonabee-South Monaghan Tp,CSD,2024,fir_own_source_revenue,11905368,CAD,RES-130032,2026-07-12
3515013,Cavan Monaghan Tp,CSD,2024,fir_total_revenue,19059953,CAD,RES-130032,2026-07-12
3515013,Cavan Monaghan Tp,CSD,2024,fir_own_source_revenue,17922657,CAD,RES-130032,2026-07-12
3515014,Peterborough C,CSD,2024,fir_total_revenue,460741072,CAD,RES-130032,2026-07-12
3515014,Peterborough C,CSD,2024,fir_own_source_revenue,320589962,CAD,RES-130032,2026-07-12
3515015,Selwyn Tp,CSD,2024,fir_total_revenue,24507328,CAD,RES-130032,2026-07-12
3515015,Selwyn Tp,CSD,2024,fir_own_source_revenue,21970211,CAD,RES-130032,2026-07-12
3515030,Havelock-Belmont-Methuen Tp,CSD,2024,fir_total_revenue,15212671,CAD,RES-130032,2026-07-12
3515030,Havelock-Belmont-Methuen Tp,CSD,2024,fir_own_source_revenue,13364767,CAD,RES-130032,2026-07-12
3515044,Trent Lakes M,CSD,2024,fir_total_revenue,17027316,CAD,RES-130032,2026-07-12
3515044,Trent Lakes M,CSD,2024,fir_own_source_revenue,16536013,CAD,RES-130032,2026-07-12
3518,Durham R,CD,2024,fir_total_revenue,2383691568,CAD,RES-130032,2026-07-12
3518,Durham R,CD,2024,fir_own_source_revenue,1771208616,CAD,RES-130032,2026-07-12
3518001,Pickering C,CSD,2024,fir_total_revenue,183317943,CAD,RES-130032,2026-07-12
3518001,Pickering C,CSD,2024,fir_own_source_revenue,169279541,CAD,RES-130032,2026-07-12
3518005,Ajax T,CSD,2024,fir_total_revenue,169361019,CAD,RES-130032,2026-07-12
3518005,Ajax T,CSD,2024,fir_own_source_revenue,158482930,CAD,RES-130032,2026-07-12
3518009,Whitby T,CSD,2024,fir_total_revenue,239165692,CAD,RES-130032,2026-07-12
3518009,Whitby T,CSD,2024,fir_own_source_revenue,224206629,CAD,RES-130032,2026-07-12
3518013,Oshawa C,CSD,2024,fir_total_revenue,295261361,CAD,RES-130032,2026-07-12
3518013,Oshawa C,CSD,2024,fir_own_source_revenue,283414141,CAD,RES-130032,2026-07-12
3518017,Clarington M,CSD,2024,fir_total_revenue,140986364,CAD,RES-130032,2026-07-12
3518017,Clarington M,CSD,2024,fir_own_source_revenue,135534071,CAD,RES-130032,2026-07-12
3518020,Scugog Tp,CSD,2024,fir_total_revenue,33985735,CAD,RES-130032,2026-07-12
3518020,Scugog Tp,CSD,2024,fir_own_source_revenue,31547574,CAD,RES-130032,2026-07-12
3518029,Uxbridge Tp,CSD,2024,fir_total_revenue,28198174,CAD,RES-130032,2026-07-12
3518029,Uxbridge Tp,CSD,2024,fir_own_source_revenue,26992898,CAD,RES-130032,2026-07-12
3518039,Brock Tp,CSD,2024,fir_total_revenue,17099896,CAD,RES-130032,2026-07-12
3518039,Brock Tp,CSD,2024,fir_own_source_revenue,15725314,CAD,RES-130032,2026-07-12
3519,York R,CD,2024,fir_total_revenue,3680341648,CAD,RES-130032,2026-07-12
3519,York R,CD,2024,fir_own_source_revenue,2786971708,CAD,RES-130032,2026-07-12
3519028,Vaughan C,CSD,2024,fir_total_revenue,1112261776,CAD,RES-130032,2026-07-12
3519028,Vaughan C,CSD,2024,fir_own_source_revenue,1077736389,CAD,RES-130032,2026-07-12
3519036,Markham C,CSD,2024,fir_total_revenue,1192270276,CAD,RES-130032,2026-07-12
3519036,Markham C,CSD,2024,fir_own_source_revenue,1172908101,CAD,RES-130032,2026-07-12
3519038,Richmond Hill C,CSD,2024,fir_total_revenue,390884006,CAD,RES-130032,2026-07-12
3519038,Richmond Hill C,CSD,2024,fir_own_source_revenue,387309631,CAD,RES-130032,2026-07-12
3519044,Whitchurch - Stouffville T,CSD,2024,fir_total_revenue,107160141,CAD,RES-130032,2026-07-12
3519044,Whitchurch - Stouffville T,CSD,2024,fir_own_source_revenue,103996469,CAD,RES-130032,2026-07-12
3519046,Aurora T,CSD,2024,fir_total_revenue,164590342,CAD,RES-130032,2026-07-12
3519046,Aurora T,CSD,2024,fir_own_source_revenue,158279174,CAD,RES-130032,2026-07-12
3519048,Newmarket T,CSD,2024,fir_total_revenue,215840756,CAD,RES-130032,2026-07-12
3519048,Newmarket T,CSD,2024,fir_own_source_revenue,206978076,CAD,RES-130032,2026-07-12
3519049,King Tp,CSD,2024,fir_total_revenue,103615969,CAD,RES-130032,2026-07-12
3519049,King Tp,CSD,2024,fir_own_source_revenue,90452015,CAD,RES-130032,2026-07-12
3519054,East Gwillimbury T,CSD,2024,fir_total_revenue,99256957,CAD,RES-130032,2026-07-12
3519054,East Gwillimbury T,CSD,2024,fir_own_source_revenue,97247197,CAD,RES-130032,2026-07-12
3519070,Georgina T,CSD,2024,fir_total_revenue,96999094,CAD,RES-130032,2026-07-12
3519070,Georgina T,CSD,2024,fir_own_source_revenue,90059248,CAD,RES-130032,2026-07-12
3520005,Toronto C,CSD,2024,fir_total_revenue,18201182088,CAD,RES-130032,2026-07-12
3520005,Toronto C,CSD,2024,fir_own_source_revenue,13564083824,CAD,RES-130032,2026-07-12
3521,Peel R,CD,2024,fir_total_revenue,3951060493,CAD,RES-130032,2026-07-12
3521,Peel R,CD,2024,fir_own_source_revenue,2841817962,CAD,RES-130032,2026-07-12
3521005,Mississauga C,CSD,2024,fir_total_revenue,1974204719,CAD,RES-130032,2026-07-12
3521005,Mississauga C,CSD,2024,fir_own_source_revenue,1971894841,CAD,RES-130032,2026-07-12
3521010,Brampton C,CSD,2024,fir_total_revenue,1182428887,CAD,RES-130032,2026-07-12
3521010,Brampton C,CSD,2024,fir_own_source_revenue,1137552098,CAD,RES-130032,2026-07-12
3521024,Caledon T,CSD,2024,fir_total_revenue,172461147,CAD,RES-130032,2026-07-12
3521024,Caledon T,CSD,2024,fir_own_source_revenue,166452718,CAD,RES-130032,2026-07-12
3522,Dufferin Co,CD,2024,fir_total_revenue,124962845,CAD,RES-130032,2026-07-12
3522,Dufferin Co,CD,2024,fir_own_source_revenue,67377778,CAD,RES-130032,2026-07-12
3522001,East Garafraxa Tp,CSD,2024,fir_total_revenue,5199719,CAD,RES-130032,2026-07-12
3522001,East Garafraxa Tp,CSD,2024,fir_own_source_revenue,4932575,CAD,RES-130032,2026-07-12
3522010,Grand Valley T,CSD,2024,fir_total_revenue,11277326,CAD,RES-130032,2026-07-12
3522010,Grand Valley T,CSD,2024,fir_own_source_revenue,10167886,CAD,RES-130032,2026-07-12
3522012,Mono T,CSD,2024,fir_total_revenue,14120194,CAD,RES-130032,2026-07-12
3522012,Mono T,CSD,2024,fir_own_source_revenue,13434182,CAD,RES-130032,2026-07-12
3522014,Orangeville T,CSD,2024,fir_total_revenue,80467924,CAD,RES-130032,2026-07-12
3522014,Orangeville T,CSD,2024,fir_own_source_revenue,75870306,CAD,RES-130032,2026-07-12
3522016,Mulmur Tp,CSD,2024,fir_total_revenue,7364021,CAD,RES-130032,2026-07-12
3522016,Mulmur Tp,CSD,2024,fir_own_source_revenue,6698759,CAD,RES-130032,2026-07-12
3522019,Melancthon Tp,CSD,2024,fir_total_revenue,5161042,CAD,RES-130032,2026-07-12
3522019,Melancthon Tp,CSD,2024,fir_own_source_revenue,4791540,CAD,RES-130032,2026-07-12
3522021,Shelburne T,CSD,2024,fir_total_revenue,23183899,CAD,RES-130032,2026-07-12
3522021,Shelburne T,CSD,2024,fir_own_source_revenue,20958638,CAD,RES-130032,2026-07-12
3523,Wellington Co,CD,2024,fir_total_revenue,334198685,CAD,RES-130032,2026-07-12
3523,Wellington Co,CD,2024,fir_own_source_revenue,210183805,CAD,RES-130032,2026-07-12
3523001,Puslinch Tp,CSD,2024,fir_total_revenue,10885284,CAD,RES-130032,2026-07-12
3523001,Puslinch Tp,CSD,2024,fir_own_source_revenue,10223261,CAD,RES-130032,2026-07-12
3523008,Guelph C,CSD,2024,fir_total_revenue,698411266,CAD,RES-130032,2026-07-12
3523008,Guelph C,CSD,2024,fir_own_source_revenue,588115119,CAD,RES-130032,2026-07-12
3523009,Guelph-Eramosa Tp,CSD,2024,fir_total_revenue,17028166,CAD,RES-130032,2026-07-12
3523009,Guelph-Eramosa Tp,CSD,2024,fir_own_source_revenue,16061097,CAD,RES-130032,2026-07-12
3523017,Erin T,CSD,2024,fir_total_revenue,89631020,CAD,RES-130032,2026-07-12
3523017,Erin T,CSD,2024,fir_own_source_revenue,85223766,CAD,RES-130032,2026-07-12
3523025,Centre Wellington Tp,CSD,2024,fir_total_revenue,78074893,CAD,RES-130032,2026-07-12
3523025,Centre Wellington Tp,CSD,2024,fir_own_source_revenue,70742239,CAD,RES-130032,2026-07-12
3523033,Mapleton Tp,CSD,2024,fir_total_revenue,21807950,CAD,RES-130032,2026-07-12
3523033,Mapleton Tp,CSD,2024,fir_own_source_revenue,19622640,CAD,RES-130032,2026-07-12
3523043,Minto T,CSD,2024,fir_total_revenue,19711647,CAD,RES-130032,2026-07-12
3523043,Minto T,CSD,2024,fir_own_source_revenue,17725426,CAD,RES-130032,2026-07-12
3523050,Wellington North Tp,CSD,2024,fir_total_revenue,29392407,CAD,RES-130032,2026-07-12
3523050,Wellington North Tp,CSD,2024,fir_own_source_revenue,24857175,CAD,RES-130032,2026-07-12
3524,Halton R,CD,2024,fir_total_revenue,1735020745,CAD,RES-130032,2026-07-12
3524,Halton R,CD,2024,fir_own_source_revenue,1278593216,CAD,RES-130032,2026-07-12
3524001,Oakville T,CSD,2024,fir_total_revenue,602318824,CAD,RES-130032,2026-07-12
3524001,Oakville T,CSD,2024,fir_own_source_revenue,574533461,CAD,RES-130032,2026-07-12
3524002,Burlington C,CSD,2024,fir_total_revenue,384756325,CAD,RES-130032,2026-07-12
3524002,Burlington C,CSD,2024,fir_own_source_revenue,373807245,CAD,RES-130032,2026-07-12
3524009,Milton T,CSD,2024,fir_total_revenue,223429760,CAD,RES-130032,2026-07-12
3524009,Milton T,CSD,2024,fir_own_source_revenue,215144000,CAD,RES-130032,2026-07-12
3524015,Halton Hills T,CSD,2024,fir_total_revenue,106694004,CAD,RES-130032,2026-07-12
3524015,Halton Hills T,CSD,2024,fir_own_source_revenue,101648148,CAD,RES-130032,2026-07-12
3526,Niagara R,CD,2024,fir_total_revenue,1462161000,CAD,RES-130032,2026-07-12
3526,Niagara R,CD,2024,fir_own_source_revenue,965379477,CAD,RES-130032,2026-07-12
3526003,Fort Erie T,CSD,2024,fir_total_revenue,88799972,CAD,RES-130032,2026-07-12
3526003,Fort Erie T,CSD,2024,fir_own_source_revenue,85188088,CAD,RES-130032,2026-07-12
3526011,Port Colborne C,CSD,2024,fir_total_revenue,58996708,CAD,RES-130032,2026-07-12
3526011,Port Colborne C,CSD,2024,fir_own_source_revenue,53382020,CAD,RES-130032,2026-07-12
3526014,Wainfleet Tp,CSD,2024,fir_total_revenue,13261287,CAD,RES-130032,2026-07-12
3526014,Wainfleet Tp,CSD,2024,fir_own_source_revenue,12760765,CAD,RES-130032,2026-07-12
3526021,West Lincoln Tp,CSD,2024,fir_total_revenue,21861925,CAD,RES-130032,2026-07-12
3526021,West Lincoln Tp,CSD,2024,fir_own_source_revenue,20747441,CAD,RES-130032,2026-07-12
3526028,Pelham T,CSD,2024,fir_total_revenue,39893344,CAD,RES-130032,2026-07-12
3526028,Pelham T,CSD,2024,fir_own_source_revenue,36287609,CAD,RES-130032,2026-07-12
3526032,Welland C,CSD,2024,fir_total_revenue,168038452,CAD,RES-130032,2026-07-12
3526032,Welland C,CSD,2024,fir_own_source_revenue,162869641,CAD,RES-130032,2026-07-12
3526037,Thorold C,CSD,2024,fir_total_revenue,80664747,CAD,RES-130032,2026-07-12
3526037,Thorold C,CSD,2024,fir_own_source_revenue,79447339,CAD,RES-130032,2026-07-12
3526043,Niagara Falls C,CSD,2024,fir_total_revenue,265898079,CAD,RES-130032,2026-07-12
3526043,Niagara Falls C,CSD,2024,fir_own_source_revenue,249603299,CAD,RES-130032,2026-07-12
3526047,Niagara-on-the-Lake T,CSD,2024,fir_total_revenue,57121456,CAD,RES-130032,2026-07-12
3526047,Niagara-on-the-Lake T,CSD,2024,fir_own_source_revenue,54677691,CAD,RES-130032,2026-07-12
3526053,St Catharines C,CSD,2024,fir_total_revenue,261763076,CAD,RES-130032,2026-07-12
3526053,St Catharines C,CSD,2024,fir_own_source_revenue,251904710,CAD,RES-130032,2026-07-12
3526057,Lincoln T,CSD,2024,fir_total_revenue,54652905,CAD,RES-130032,2026-07-12
3526057,Lincoln T,CSD,2024,fir_own_source_revenue,48711203,CAD,RES-130032,2026-07-12
3526065,Grimsby T,CSD,2024,fir_total_revenue,52110084,CAD,RES-130032,2026-07-12
3526065,Grimsby T,CSD,2024,fir_own_source_revenue,44311265,CAD,RES-130032,2026-07-12
3528052,Norfolk County,CSD,2024,fir_total_revenue,295052707,CAD,RES-130032,2026-07-12
3528052,Norfolk County,CSD,2024,fir_own_source_revenue,216391515,CAD,RES-130032,2026-07-12
3529005,Brant County,CSD,2024,fir_total_revenue,157752668,CAD,RES-130032,2026-07-12
3529005,Brant County,CSD,2024,fir_own_source_revenue,136654366,CAD,RES-130032,2026-07-12
3529006,Brantford C,CSD,2024,fir_total_revenue,493039174,CAD,RES-130032,2026-07-12
3529006,Brantford C,CSD,2024,fir_own_source_revenue,384160627,CAD,RES-130032,2026-07-12
3530,Waterloo R,CD,2024,fir_total_revenue,1675216037,CAD,RES-130032,2026-07-12
3530,Waterloo R,CD,2024,fir_own_source_revenue,1203331923,CAD,RES-130032,2026-07-12
3530004,North Dumfries Tp,CSD,2024,fir_total_revenue,17800713,CAD,RES-130032,2026-07-12
3530004,North Dumfries Tp,CSD,2024,fir_own_source_revenue,15938612,CAD,RES-130032,2026-07-12
3530010,Cambridge C,CSD,2024,fir_total_revenue,339420660,CAD,RES-130032,2026-07-12
3530010,Cambridge C,CSD,2024,fir_own_source_revenue,329486451,CAD,RES-130032,2026-07-12
3530013,Kitchener C,CSD,2024,fir_total_revenue,617013006,CAD,RES-130032,2026-07-12
3530013,Kitchener C,CSD,2024,fir_own_source_revenue,587358647,CAD,RES-130032,2026-07-12
3530016,Waterloo C,CSD,2024,fir_total_revenue,243422696,CAD,RES-130032,2026-07-12
3530016,Waterloo C,CSD,2024,fir_own_source_revenue,240935617,CAD,RES-130032,2026-07-12
3530027,Wellesley Tp,CSD,2024,fir_total_revenue,18870345,CAD,RES-130032,2026-07-12
3530027,Wellesley Tp,CSD,2024,fir_own_source_revenue,13337404,CAD,RES-130032,2026-07-12
3530035,Woolwich Tp,CSD,2024,fir_total_revenue,40979012,CAD,RES-130032,2026-07-12
3530035,Woolwich Tp,CSD,2024,fir_own_source_revenue,37099408,CAD,RES-130032,2026-07-12
3531,Perth Co,CD,2024,fir_total_revenue,60961645,CAD,RES-130032,2026-07-12
3531,Perth Co,CD,2024,fir_own_source_revenue,37140832,CAD,RES-130032,2026-07-12
3531013,Perth South Tp,CSD,2024,fir_total_revenue,7943947,CAD,RES-130032,2026-07-12
3531013,Perth South Tp,CSD,2024,fir_own_source_revenue,7325024,CAD,RES-130032,2026-07-12
3531025,West Perth M,CSD,2024,fir_total_revenue,24001954,CAD,RES-130032,2026-07-12
3531025,West Perth M,CSD,2024,fir_own_source_revenue,21488059,CAD,RES-130032,2026-07-12
3531030,Perth East Tp,CSD,2024,fir_total_revenue,19703602,CAD,RES-130032,2026-07-12
3531030,Perth East Tp,CSD,2024,fir_own_source_revenue,18660430,CAD,RES-130032,2026-07-12
3531040,North Perth M,CSD,2024,fir_total_revenue,44546170,CAD,RES-130032,2026-07-12
3531040,North Perth M,CSD,2024,fir_own_source_revenue,39232528,CAD,RES-130032,2026-07-12
3532,Oxford Co,CD,2024,fir_total_revenue,300733423,CAD,RES-130032,2026-07-12
3532,Oxford Co,CD,2024,fir_own_source_revenue,206043803,CAD,RES-130032,2026-07-12
3532002,Norwich Tp,CSD,2024,fir_total_revenue,17101391,CAD,RES-130032,2026-07-12
3532002,Norwich Tp,CSD,2024,fir_own_source_revenue,16222740,CAD,RES-130032,2026-07-12
3532004,Tillsonburg T,CSD,2024,fir_total_revenue,35420959,CAD,RES-130032,2026-07-12
3532004,Tillsonburg T,CSD,2024,fir_own_source_revenue,31953508,CAD,RES-130032,2026-07-12
3532012,South-West Oxford Tp,CSD,2024,fir_total_revenue,11406958,CAD,RES-130032,2026-07-12
3532012,South-West Oxford Tp,CSD,2024,fir_own_source_revenue,10612284,CAD,RES-130032,2026-07-12
3532018,Ingersoll T,CSD,2024,fir_total_revenue,27316135,CAD,RES-130032,2026-07-12
3532018,Ingersoll T,CSD,2024,fir_own_source_revenue,25620754,CAD,RES-130032,2026-07-12
3532027,Zorra Tp,CSD,2024,fir_total_revenue,20270319,CAD,RES-130032,2026-07-12
3532027,Zorra Tp,CSD,2024,fir_own_source_revenue,19098794,CAD,RES-130032,2026-07-12
3532038,East Zorra - Tavistock Tp,CSD,2024,fir_total_revenue,11178323,CAD,RES-130032,2026-07-12
3532038,East Zorra - Tavistock Tp,CSD,2024,fir_own_source_revenue,10762825,CAD,RES-130032,2026-07-12
3532042,Woodstock C,CSD,2024,fir_total_revenue,142253684,CAD,RES-130032,2026-07-12
3532042,Woodstock C,CSD,2024,fir_own_source_revenue,135968758,CAD,RES-130032,2026-07-12
3532045,Blandford - Blenheim Tp,CSD,2024,fir_total_revenue,14268026,CAD,RES-130032,2026-07-12
3532045,Blandford - Blenheim Tp,CSD,2024,fir_own_source_revenue,12885115,CAD,RES-130032,2026-07-12
3534,Elgin Co,CD,2024,fir_total_revenue,107629459,CAD,RES-130032,2026-07-12
3534,Elgin Co,CD,2024,fir_own_source_revenue,69912442,CAD,RES-130032,2026-07-12
3534005,Bayham M,CSD,2024,fir_total_revenue,13544031,CAD,RES-130032,2026-07-12
3534005,Bayham M,CSD,2024,fir_own_source_revenue,12409259,CAD,RES-130032,2026-07-12
3534010,Malahide Tp,CSD,2024,fir_total_revenue,18455094,CAD,RES-130032,2026-07-12
3534010,Malahide Tp,CSD,2024,fir_own_source_revenue,17063346,CAD,RES-130032,2026-07-12
3534011,Aylmer T,CSD,2024,fir_total_revenue,21548708,CAD,RES-130032,2026-07-12
3534011,Aylmer T,CSD,2024,fir_own_source_revenue,19392905,CAD,RES-130032,2026-07-12
3534020,Central Elgin M,CSD,2024,fir_total_revenue,45747313,CAD,RES-130032,2026-07-12
3534020,Central Elgin M,CSD,2024,fir_own_source_revenue,43914901,CAD,RES-130032,2026-07-12
3534021,St Thomas C,CSD,2024,fir_total_revenue,256822879,CAD,RES-130032,2026-07-12
3534021,St Thomas C,CSD,2024,fir_own_source_revenue,105625317,CAD,RES-130032,2026-07-12
3534024,Southwold Tp,CSD,2024,fir_total_revenue,17993482,CAD,RES-130032,2026-07-12
3534024,Southwold Tp,CSD,2024,fir_own_source_revenue,17445444,CAD,RES-130032,2026-07-12
3534030,Dutton-Dunwich M,CSD,2024,fir_total_revenue,12177781,CAD,RES-130032,2026-07-12
3534030,Dutton-Dunwich M,CSD,2024,fir_own_source_revenue,11190730,CAD,RES-130032,2026-07-12
3534042,West Elgin M,CSD,2024,fir_total_revenue,12167034,CAD,RES-130032,2026-07-12
3534042,West Elgin M,CSD,2024,fir_own_source_revenue,11502458,CAD,RES-130032,2026-07-12
3536020,Chatham-Kent M,CSD,2024,fir_total_revenue,513046723,CAD,RES-130032,2026-07-12
3536020,Chatham-Kent M,CSD,2024,fir_own_source_revenue,354696749,CAD,RES-130032,2026-07-12
3537,Essex Co,CD,2024,fir_total_revenue,261254692,CAD,RES-130032,2026-07-12
3537,Essex Co,CD,2024,fir_own_source_revenue,205311203,CAD,RES-130032,2026-07-12
3537001,Pelee Tp,CSD,2024,fir_total_revenue,3444679,CAD,RES-130032,2026-07-12
3537001,Pelee Tp,CSD,2024,fir_own_source_revenue,3196149,CAD,RES-130032,2026-07-12
3537003,Leamington M,CSD,2024,fir_total_revenue,87690532,CAD,RES-130032,2026-07-12
3537003,Leamington M,CSD,2024,fir_own_source_revenue,83617215,CAD,RES-130032,2026-07-12
3537013,Kingsville T,CSD,2024,fir_total_revenue,47412234,CAD,RES-130032,2026-07-12
3537013,Kingsville T,CSD,2024,fir_own_source_revenue,44088475,CAD,RES-130032,2026-07-12
3537016,Essex T,CSD,2024,fir_total_revenue,55225791,CAD,RES-130032,2026-07-12
3537016,Essex T,CSD,2024,fir_own_source_revenue,49676402,CAD,RES-130032,2026-07-12
3537028,Amherstburg T,CSD,2024,fir_total_revenue,66988994,CAD,RES-130032,2026-07-12
3537028,Amherstburg T,CSD,2024,fir_own_source_revenue,59316774,CAD,RES-130032,2026-07-12
3537034,LaSalle T,CSD,2024,fir_total_revenue,106025576,CAD,RES-130032,2026-07-12
3537034,LaSalle T,CSD,2024,fir_own_source_revenue,101404259,CAD,RES-130032,2026-07-12
3537039,Windsor C,CSD,2024,fir_total_revenue,1215617856,CAD,RES-130032,2026-07-12
3537039,Windsor C,CSD,2024,fir_own_source_revenue,859620116,CAD,RES-130032,2026-07-12
3537064,Lakeshore M,CSD,2024,fir_total_revenue,94441452,CAD,RES-130032,2026-07-12
3537064,Lakeshore M,CSD,2024,fir_own_source_revenue,94097986,CAD,RES-130032,2026-07-12
3538,Lambton Co,CD,2024,fir_total_revenue,275979811,CAD,RES-130032,2026-07-12
3538,Lambton Co,CD,2024,fir_own_source_revenue,134171157,CAD,RES-130032,2026-07-12
3538003,St Clair Tp,CSD,2024,fir_total_revenue,43453939,CAD,RES-130032,2026-07-12
3538003,St Clair Tp,CSD,2024,fir_own_source_revenue,39235131,CAD,RES-130032,2026-07-12
3538015,Brooke-Alvinston M,CSD,2024,fir_total_revenue,6828351,CAD,RES-130032,2026-07-12
3538015,Brooke-Alvinston M,CSD,2024,fir_own_source_revenue,6034668,CAD,RES-130032,2026-07-12
3538016,Enniskillen Tp,CSD,2024,fir_total_revenue,6369628,CAD,RES-130032,2026-07-12
3538016,Enniskillen Tp,CSD,2024,fir_own_source_revenue,5933613,CAD,RES-130032,2026-07-12
3538018,Oil Springs V,CSD,2024,fir_total_revenue,1696648,CAD,RES-130032,2026-07-12
3538018,Oil Springs V,CSD,2024,fir_own_source_revenue,1483837,CAD,RES-130032,2026-07-12
3538019,Petrolia T,CSD,2024,fir_total_revenue,18189194,CAD,RES-130032,2026-07-12
3538019,Petrolia T,CSD,2024,fir_own_source_revenue,17316997,CAD,RES-130032,2026-07-12
3538030,Sarnia C,CSD,2024,fir_total_revenue,195325757,CAD,RES-130032,2026-07-12
3538030,Sarnia C,CSD,2024,fir_own_source_revenue,180874969,CAD,RES-130032,2026-07-12
3538031,Point Edward V,CSD,2024,fir_total_revenue,10181182,CAD,RES-130032,2026-07-12
3538031,Point Edward V,CSD,2024,fir_own_source_revenue,8669203,CAD,RES-130032,2026-07-12
3538035,Plympton-Wyoming T,CSD,2024,fir_total_revenue,33270836,CAD,RES-130032,2026-07-12
3538035,Plympton-Wyoming T,CSD,2024,fir_own_source_revenue,31275777,CAD,RES-130032,2026-07-12
3538040,Lambton Shores M,CSD,2024,fir_total_revenue,38163863,CAD,RES-130032,2026-07-12
3538040,Lambton Shores M,CSD,2024,fir_own_source_revenue,34250354,CAD,RES-130032,2026-07-12
3538043,Warwick Tp,CSD,2024,fir_total_revenue,14367892,CAD,RES-130032,2026-07-12
3538043,Warwick Tp,CSD,2024,fir_own_source_revenue,13867186,CAD,RES-130032,2026-07-12
3539,Middlesex Co,CD,2024,fir_total_revenue,177588862,CAD,RES-130032,2026-07-12
3539,Middlesex Co,CD,2024,fir_own_source_revenue,97766134,CAD,RES-130032,2026-07-12
3539005,Southwest Middlesex M,CSD,2024,fir_total_revenue,14499245,CAD,RES-130032,2026-07-12
3539005,Southwest Middlesex M,CSD,2024,fir_own_source_revenue,12699678,CAD,RES-130032,2026-07-12
3539015,Strathroy-Caradoc M,CSD,2024,fir_total_revenue,61999232,CAD,RES-130032,2026-07-12
3539015,Strathroy-Caradoc M,CSD,2024,fir_own_source_revenue,56957555,CAD,RES-130032,2026-07-12
3539033,Middlesex Centre M,CSD,2024,fir_total_revenue,48397302,CAD,RES-130032,2026-07-12
3539033,Middlesex Centre M,CSD,2024,fir_own_source_revenue,46451968,CAD,RES-130032,2026-07-12
3539036,London C,CSD,2024,fir_total_revenue,1918538268,CAD,RES-130032,2026-07-12
3539036,London C,CSD,2024,fir_own_source_revenue,1471044139,CAD,RES-130032,2026-07-12
3539047,Adelaide-Metcalfe Tp,CSD,2024,fir_total_revenue,7629222,CAD,RES-130032,2026-07-12
3539047,Adelaide-Metcalfe Tp,CSD,2024,fir_own_source_revenue,7433081,CAD,RES-130032,2026-07-12
3539060,Lucan Biddulph Tp,CSD,2024,fir_total_revenue,13309529,CAD,RES-130032,2026-07-12
3539060,Lucan Biddulph Tp,CSD,2024,fir_own_source_revenue,13097656,CAD,RES-130032,2026-07-12
3540,Huron Co,CD,2024,fir_total_revenue,133841137,CAD,RES-130032,2026-07-12
3540,Huron Co,CD,2024,fir_own_source_revenue,70581447,CAD,RES-130032,2026-07-12
3540005,South Huron M,CSD,2024,fir_total_revenue,31862327,CAD,RES-130032,2026-07-12
3540005,South Huron M,CSD,2024,fir_own_source_revenue,27529951,CAD,RES-130032,2026-07-12
3540010,Bluewater M,CSD,2024,fir_total_revenue,25899452,CAD,RES-130032,2026-07-12
3540010,Bluewater M,CSD,2024,fir_own_source_revenue,22856806,CAD,RES-130032,2026-07-12
3540025,Central Huron M,CSD,2024,fir_total_revenue,18818535,CAD,RES-130032,2026-07-12
3540025,Central Huron M,CSD,2024,fir_own_source_revenue,17255448,CAD,RES-130032,2026-07-12
3540028,Goderich T,CSD,2024,fir_total_revenue,30304340,CAD,RES-130032,2026-07-12
3540028,Goderich T,CSD,2024,fir_own_source_revenue,28922379,CAD,RES-130032,2026-07-12
3540040,Huron East M,CSD,2024,fir_total_revenue,23669835,CAD,RES-130032,2026-07-12
3540040,Huron East M,CSD,2024,fir_own_source_revenue,22034276,CAD,RES-130032,2026-07-12
3540046,Howick Tp,CSD,2024,fir_total_revenue,7015867,CAD,RES-130032,2026-07-12
3540046,Howick Tp,CSD,2024,fir_own_source_revenue,6433284,CAD,RES-130032,2026-07-12
3540050,Morris-Turnberry M,CSD,2024,fir_total_revenue,7978273,CAD,RES-130032,2026-07-12
3540050,Morris-Turnberry M,CSD,2024,fir_own_source_revenue,7303153,CAD,RES-130032,2026-07-12
3540063,Ashfield-Colborne-Wawanosh Tp,CSD,2024,fir_total_revenue,11713204,CAD,RES-130032,2026-07-12
3540063,Ashfield-Colborne-Wawanosh Tp,CSD,2024,fir_own_source_revenue,10794343,CAD,RES-130032,2026-07-12
3541,Bruce Co,CD,2024,fir_total_revenue,159261389,CAD,RES-130032,2026-07-12
3541,Bruce Co,CD,2024,fir_own_source_revenue,86948633,CAD,RES-130032,2026-07-12
3541004,South Bruce M,CSD,2024,fir_total_revenue,35490325,CAD,RES-130032,2026-07-12
3541004,South Bruce M,CSD,2024,fir_own_source_revenue,33062079,CAD,RES-130032,2026-07-12
3541015,Huron-Kinloss Tp,CSD,2024,fir_total_revenue,23230524,CAD,RES-130032,2026-07-12
3541015,Huron-Kinloss Tp,CSD,2024,fir_own_source_revenue,21420269,CAD,RES-130032,2026-07-12
3541024,Kincardine M,CSD,2024,fir_total_revenue,43810671,CAD,RES-130032,2026-07-12
3541024,Kincardine M,CSD,2024,fir_own_source_revenue,40998309,CAD,RES-130032,2026-07-12
3541032,Brockton M,CSD,2024,fir_total_revenue,26179296,CAD,RES-130032,2026-07-12
3541032,Brockton M,CSD,2024,fir_own_source_revenue,24180237,CAD,RES-130032,2026-07-12
3541043,Arran-Elderslie M,CSD,2024,fir_total_revenue,17505762,CAD,RES-130032,2026-07-12
3541043,Arran-Elderslie M,CSD,2024,fir_own_source_revenue,15363102,CAD,RES-130032,2026-07-12
3541045,Saugeen Shores T,CSD,2024,fir_total_revenue,53292634,CAD,RES-130032,2026-07-12
3541045,Saugeen Shores T,CSD,2024,fir_own_source_revenue,49694512,CAD,RES-130032,2026-07-12
3541055,The South Bruce Peninsula T,CSD,2024,fir_total_revenue,27032008,CAD,RES-130032,2026-07-12
3541055,The South Bruce Peninsula T,CSD,2024,fir_own_source_revenue,26368092,CAD,RES-130032,2026-07-12
3541069,Northern Bruce Peninsula M,CSD,2024,fir_total_revenue,18067286,CAD,RES-130032,2026-07-12
3541069,Northern Bruce Peninsula M,CSD,2024,fir_own_source_revenue,17195883,CAD,RES-130032,2026-07-12
3542,Grey Co,CD,2024,fir_total_revenue,194758151,CAD,RES-130032,2026-07-12
3542,Grey Co,CD,2024,fir_own_source_revenue,104534680,CAD,RES-130032,2026-07-12
3542004,West Grey M,CSD,2024,fir_total_revenue,23810091,CAD,RES-130032,2026-07-12
3542004,West Grey M,CSD,2024,fir_own_source_revenue,22612369,CAD,RES-130032,2026-07-12
3542015,Grey Highlands M,CSD,2024,fir_total_revenue,28716989,CAD,RES-130032,2026-07-12
3542015,Grey Highlands M,CSD,2024,fir_own_source_revenue,24214958,CAD,RES-130032,2026-07-12
3542029,Hanover T,CSD,2024,fir_total_revenue,26120685,CAD,RES-130032,2026-07-12
3542029,Hanover T,CSD,2024,fir_own_source_revenue,22375535,CAD,RES-130032,2026-07-12
3542037,Chatsworth Tp,CSD,2024,fir_total_revenue,11355936,CAD,RES-130032,2026-07-12
3542037,Chatsworth Tp,CSD,2024,fir_own_source_revenue,10727482,CAD,RES-130032,2026-07-12
3542045,The Blue Mountains T,CSD,2024,fir_total_revenue,65624311,CAD,RES-130032,2026-07-12
3542045,The Blue Mountains T,CSD,2024,fir_own_source_revenue,64429222,CAD,RES-130032,2026-07-12
3542047,Meaford M,CSD,2024,fir_total_revenue,37285892,CAD,RES-130032,2026-07-12
3542047,Meaford M,CSD,2024,fir_own_source_revenue,33828392,CAD,RES-130032,2026-07-12
3542053,Georgian Bluffs Tp,CSD,2024,fir_total_revenue,19644949,CAD,RES-130032,2026-07-12
3542053,Georgian Bluffs Tp,CSD,2024,fir_own_source_revenue,18745607,CAD,RES-130032,2026-07-12
3542059,Owen Sound C,CSD,2024,fir_total_revenue,78056275,CAD,RES-130032,2026-07-12
3542059,Owen Sound C,CSD,2024,fir_own_source_revenue,63435832,CAD,RES-130032,2026-07-12
3543,Simcoe Co,CD,2024,fir_total_revenue,716005831,CAD,RES-130032,2026-07-12
3543,Simcoe Co,CD,2024,fir_own_source_revenue,346082152,CAD,RES-130032,2026-07-12
3543003,Adjala-Tosorontio Tp,CSD,2024,fir_total_revenue,18260405,CAD,RES-130032,2026-07-12
3543003,Adjala-Tosorontio Tp,CSD,2024,fir_own_source_revenue,16053259,CAD,RES-130032,2026-07-12
3543007,New Tecumseth T,CSD,2024,fir_total_revenue,89750840,CAD,RES-130032,2026-07-12
3543007,New Tecumseth T,CSD,2024,fir_own_source_revenue,85830008,CAD,RES-130032,2026-07-12
3543009,Springwater Tp,CSD,2024,fir_total_revenue,36260095,CAD,RES-130032,2026-07-12
3543009,Springwater Tp,CSD,2024,fir_own_source_revenue,34307744,CAD,RES-130032,2026-07-12
3543014,Bradford West Gwillimbury T,CSD,2024,fir_total_revenue,101428514,CAD,RES-130032,2026-07-12
3543014,Bradford West Gwillimbury T,CSD,2024,fir_own_source_revenue,97930248,CAD,RES-130032,2026-07-12
3543015,Severn Tp,CSD,2024,fir_total_revenue,31010520,CAD,RES-130032,2026-07-12
3543015,Severn Tp,CSD,2024,fir_own_source_revenue,27986389,CAD,RES-130032,2026-07-12
3543017,Innisfil T,CSD,2024,fir_total_revenue,126066175,CAD,RES-130032,2026-07-12
3543017,Innisfil T,CSD,2024,fir_own_source_revenue,118530230,CAD,RES-130032,2026-07-12
3543019,Ramara Tp,CSD,2024,fir_total_revenue,27905690,CAD,RES-130032,2026-07-12
3543019,Ramara Tp,CSD,2024,fir_own_source_revenue,26631199,CAD,RES-130032,2026-07-12
3543021,Essa Tp,CSD,2024,fir_total_revenue,30302852,CAD,RES-130032,2026-07-12
3543021,Essa Tp,CSD,2024,fir_own_source_revenue,28641254,CAD,RES-130032,2026-07-12
3543023,Oro-Medonte Tp,CSD,2024,fir_total_revenue,46802315,CAD,RES-130032,2026-07-12
3543023,Oro-Medonte Tp,CSD,2024,fir_own_source_revenue,45019709,CAD,RES-130032,2026-07-12
3543031,Collingwood T,CSD,2024,fir_total_revenue,108537152,CAD,RES-130032,2026-07-12
3543031,Collingwood T,CSD,2024,fir_own_source_revenue,103349215,CAD,RES-130032,2026-07-12
3543042,Barrie C,CSD,2024,fir_total_revenue,605285959,CAD,RES-130032,2026-07-12
3543042,Barrie C,CSD,2024,fir_own_source_revenue,571397679,CAD,RES-130032,2026-07-12
3543064,Wasaga Beach T,CSD,2024,fir_total_revenue,79005003,CAD,RES-130032,2026-07-12
3543064,Wasaga Beach T,CSD,2024,fir_own_source_revenue,75904168,CAD,RES-130032,2026-07-12
3543068,Tiny Tp,CSD,2024,fir_total_revenue,29458434,CAD,RES-130032,2026-07-12
3543068,Tiny Tp,CSD,2024,fir_own_source_revenue,28385388,CAD,RES-130032,2026-07-12
3543072,Penetanguishene T,CSD,2024,fir_total_revenue,24064181,CAD,RES-130032,2026-07-12
3543072,Penetanguishene T,CSD,2024,fir_own_source_revenue,23134844,CAD,RES-130032,2026-07-12
3544,Muskoka D,CD,2024,fir_total_revenue,268222701,CAD,RES-130032,2026-07-12
3544,Muskoka D,CD,2024,fir_own_source_revenue,201225446,CAD,RES-130032,2026-07-12
3544002,Gravenhurst T,CSD,2024,fir_total_revenue,32292294,CAD,RES-130032,2026-07-12
3544002,Gravenhurst T,CSD,2024,fir_own_source_revenue,29363671,CAD,RES-130032,2026-07-12
3544018,Bracebridge T,CSD,2024,fir_total_revenue,39758945,CAD,RES-130032,2026-07-12
3544018,Bracebridge T,CSD,2024,fir_own_source_revenue,33650723,CAD,RES-130032,2026-07-12
3544027,Lake of Bays Tp,CSD,2024,fir_total_revenue,12321757,CAD,RES-130032,2026-07-12
3544027,Lake of Bays Tp,CSD,2024,fir_own_source_revenue,11390100,CAD,RES-130032,2026-07-12
3544042,Huntsville T,CSD,2024,fir_total_revenue,39610094,CAD,RES-130032,2026-07-12
3544042,Huntsville T,CSD,2024,fir_own_source_revenue,36396646,CAD,RES-130032,2026-07-12
3544053,Muskoka Lakes Tp,CSD,2024,fir_total_revenue,26787276,CAD,RES-130032,2026-07-12
3544053,Muskoka Lakes Tp,CSD,2024,fir_own_source_revenue,25649481,CAD,RES-130032,2026-07-12
3544065,Georgian Bay Tp,CSD,2024,fir_total_revenue,16244816,CAD,RES-130032,2026-07-12
3544065,Georgian Bay Tp,CSD,2024,fir_own_source_revenue,15864204,CAD,RES-130032,2026-07-12
3546,Haliburton Co,CD,2024,fir_total_revenue,30784688,CAD,RES-130032,2026-07-12
3546,Haliburton Co,CD,2024,fir_own_source_revenue,25473338,CAD,RES-130032,2026-07-12
3546020,Algonquin Highlands Tp,CSD,2024,fir_total_revenue,12148885,CAD,RES-130032,2026-07-12
3546020,Algonquin Highlands Tp,CSD,2024,fir_own_source_revenue,11848831,CAD,RES-130032,2026-07-12
3546024,Dysart et al Tp,CSD,2024,fir_total_revenue,20388696,CAD,RES-130032,2026-07-12
3546024,Dysart et al Tp,CSD,2024,fir_own_source_revenue,19413471,CAD,RES-130032,2026-07-12
3547,Renfrew Co,CD,2024,fir_total_revenue,185246141,CAD,RES-130032,2026-07-12
3547,Renfrew Co,CD,2024,fir_own_source_revenue,86909960,CAD,RES-130032,2026-07-12
3547002,Arnprior T,CSD,2024,fir_total_revenue,67867379,CAD,RES-130032,2026-07-12
3547002,Arnprior T,CSD,2024,fir_own_source_revenue,66453094,CAD,RES-130032,2026-07-12
3547003,McNab-Braeside Tp,CSD,2024,fir_total_revenue,11540018,CAD,RES-130032,2026-07-12
3547003,McNab-Braeside Tp,CSD,2024,fir_own_source_revenue,10737613,CAD,RES-130032,2026-07-12
3547008,Greater Madawaska Tp,CSD,2024,fir_total_revenue,7343673,CAD,RES-130032,2026-07-12
3547008,Greater Madawaska Tp,CSD,2024,fir_own_source_revenue,6887656,CAD,RES-130032,2026-07-12
3547020,"Brudenell, Lyndoch and Raglan Tp",CSD,2024,fir_total_revenue,3232220,CAD,RES-130032,2026-07-12
3547020,"Brudenell, Lyndoch and Raglan Tp",CSD,2024,fir_own_source_revenue,2673238,CAD,RES-130032,2026-07-12
3547030,Madawaska Valley Tp,CSD,2024,fir_total_revenue,10530838,CAD,RES-130032,2026-07-12
3547030,Madawaska Valley Tp,CSD,2024,fir_own_source_revenue,9557528,CAD,RES-130032,2026-07-12
3547033,"Killaloe, Hagarty and Richards Tp",CSD,2024,fir_total_revenue,6126388,CAD,RES-130032,2026-07-12
3547033,"Killaloe, Hagarty and Richards Tp",CSD,2024,fir_own_source_revenue,5462854,CAD,RES-130032,2026-07-12
3547035,Bonnechere Valley Tp,CSD,2024,fir_total_revenue,9092980,CAD,RES-130032,2026-07-12
3547035,Bonnechere Valley Tp,CSD,2024,fir_own_source_revenue,7854712,CAD,RES-130032,2026-07-12
3547043,Admaston-Bromley Tp,CSD,2024,fir_total_revenue,4723844,CAD,RES-130032,2026-07-12
3547043,Admaston-Bromley Tp,CSD,2024,fir_own_source_revenue,4144208,CAD,RES-130032,2026-07-12
3547046,Horton Tp,CSD,2024,fir_total_revenue,4139448,CAD,RES-130032,2026-07-12
3547046,Horton Tp,CSD,2024,fir_own_source_revenue,3722513,CAD,RES-130032,2026-07-12
3547048,Renfrew T,CSD,2024,fir_total_revenue,34506870,CAD,RES-130032,2026-07-12
3547048,Renfrew T,CSD,2024,fir_own_source_revenue,25467942,CAD,RES-130032,2026-07-12
3547056,Whitewater Region Tp,CSD,2024,fir_total_revenue,13757040,CAD,RES-130032,2026-07-12
3547056,Whitewater Region Tp,CSD,2024,fir_own_source_revenue,12858061,CAD,RES-130032,2026-07-12
3547064,Pembroke C,CSD,2024,fir_total_revenue,54072518,CAD,RES-130032,2026-07-12
3547064,Pembroke C,CSD,2024,fir_own_source_revenue,48278944,CAD,RES-130032,2026-07-12
3547070,North Algona-Wilberforce Tp,CSD,2024,fir_total_revenue,5885866,CAD,RES-130032,2026-07-12
3547070,North Algona-Wilberforce Tp,CSD,2024,fir_own_source_revenue,5370495,CAD,RES-130032,2026-07-12
3547075,Laurentian Valley Tp,CSD,2024,fir_total_revenue,14638493,CAD,RES-130032,2026-07-12
3547075,Laurentian Valley Tp,CSD,2024,fir_own_source_revenue,12934837,CAD,RES-130032,2026-07-12
3547090,Laurentian Hills T,CSD,2024,fir_total_revenue,6037242,CAD,RES-130032,2026-07-12
3547090,Laurentian Hills T,CSD,2024,fir_own_source_revenue,5591075,CAD,RES-130032,2026-07-12
3547096,Deep River T,CSD,2024,fir_total_revenue,18837972,CAD,RES-130032,2026-07-12
3547096,Deep River T,CSD,2024,fir_own_source_revenue,18262211,CAD,RES-130032,2026-07-12
3548001,South Algonquin Tp,CSD,2024,fir_total_revenue,4412803,CAD,RES-130032,2026-07-12
3548001,South Algonquin Tp,CSD,2024,fir_own_source_revenue,4244728,CAD,RES-130032,2026-07-12
3548013,Papineau-Cameron Tp,CSD,2024,fir_total_revenue,2747831,CAD,RES-130032,2026-07-12
3548013,Papineau-Cameron Tp,CSD,2024,fir_own_source_revenue,2437313,CAD,RES-130032,2026-07-12
3548019,Mattawan M,CSD,2024,fir_total_revenue,778031,CAD,RES-130032,2026-07-12
3548019,Mattawan M,CSD,2024,fir_own_source_revenue,692650,CAD,RES-130032,2026-07-12
3548021,Mattawa T,CSD,2024,fir_total_revenue,10820413,CAD,RES-130032,2026-07-12
3548021,Mattawa T,CSD,2024,fir_own_source_revenue,6138256,CAD,RES-130032,2026-07-12
3548022,Calvin Tp,CSD,2024,fir_total_revenue,2681773,CAD,RES-130032,2026-07-12
3548022,Calvin Tp,CSD,2024,fir_own_source_revenue,2141828,CAD,RES-130032,2026-07-12
3548027,Bonfield Tp,CSD,2024,fir_total_revenue,5441248,CAD,RES-130032,2026-07-12
3548027,Bonfield Tp,CSD,2024,fir_own_source_revenue,5163106,CAD,RES-130032,2026-07-12
3548031,Chisholm Tp,CSD,2024,fir_total_revenue,3158973,CAD,RES-130032,2026-07-12
3548031,Chisholm Tp,CSD,2024,fir_own_source_revenue,2714027,CAD,RES-130032,2026-07-12
3548034,East Ferris M,CSD,2024,fir_total_revenue,11368747,CAD,RES-130032,2026-07-12
3548034,East Ferris M,CSD,2024,fir_own_source_revenue,9258262,CAD,RES-130032,2026-07-12
3548044,North Bay C,CSD,2024,fir_total_revenue,201898508,CAD,RES-130032,2026-07-12
3548044,North Bay C,CSD,2024,fir_own_source_revenue,182016250,CAD,RES-130032,2026-07-12
3548055,West Nipissing M,CSD,2024,fir_total_revenue,68793569,CAD,RES-130032,2026-07-12
3548055,West Nipissing M,CSD,2024,fir_own_source_revenue,52221222,CAD,RES-130032,2026-07-12
3548069,Temagami M,CSD,2024,fir_total_revenue,9058785,CAD,RES-130032,2026-07-12
3548069,Temagami M,CSD,2024,fir_own_source_revenue,7357076,CAD,RES-130032,2026-07-12
3549003,Seguin Tp,CSD,2024,fir_total_revenue,24046828,CAD,RES-130032,2026-07-12
3549003,Seguin Tp,CSD,2024,fir_own_source_revenue,20900763,CAD,RES-130032,2026-07-12
3549005,The Archipelago Tp,CSD,2024,fir_total_revenue,14211228,CAD,RES-130032,2026-07-12
3549005,The Archipelago Tp,CSD,2024,fir_own_source_revenue,13690571,CAD,RES-130032,2026-07-12
3549012,McMurrich-Monteith Tp,CSD,2024,fir_total_revenue,3768534,CAD,RES-130032,2026-07-12
3549012,McMurrich-Monteith Tp,CSD,2024,fir_own_source_revenue,3361051,CAD,RES-130032,2026-07-12
3549014,Perry Tp,CSD,2024,fir_total_revenue,6055520,CAD,RES-130032,2026-07-12
3549014,Perry Tp,CSD,2024,fir_own_source_revenue,5476499,CAD,RES-130032,2026-07-12
3549018,Kearney T,CSD,2024,fir_total_revenue,6056648,CAD,RES-130032,2026-07-12
3549018,Kearney T,CSD,2024,fir_own_source_revenue,5097324,CAD,RES-130032,2026-07-12
3549019,Armour Tp,CSD,2024,fir_total_revenue,5371106,CAD,RES-130032,2026-07-12
3549019,Armour Tp,CSD,2024,fir_own_source_revenue,5006928,CAD,RES-130032,2026-07-12
3549022,Burk's Falls V,CSD,2024,fir_total_revenue,4328436,CAD,RES-130032,2026-07-12
3549022,Burk's Falls V,CSD,2024,fir_own_source_revenue,4099592,CAD,RES-130032,2026-07-12
3549024,Ryerson Tp,CSD,2024,fir_total_revenue,3669159,CAD,RES-130032,2026-07-12
3549024,Ryerson Tp,CSD,2024,fir_own_source_revenue,3276719,CAD,RES-130032,2026-07-12
3549028,McKellar Tp,CSD,2024,fir_total_revenue,6281907,CAD,RES-130032,2026-07-12
3549028,McKellar Tp,CSD,2024,fir_own_source_revenue,5944130,CAD,RES-130032,2026-07-12
3549031,McDougall Tp,CSD,2024,fir_total_revenue,10068834,CAD,RES-130032,2026-07-12
3549031,McDougall Tp,CSD,2024,fir_own_source_revenue,9142646,CAD,RES-130032,2026-07-12
3549032,Parry Sound T,CSD,2024,fir_total_revenue,47060946,CAD,RES-130032,2026-07-12
3549032,Parry Sound T,CSD,2024,fir_own_source_revenue,35370321,CAD,RES-130032,2026-07-12
3549036,Carling Tp,CSD,2024,fir_total_revenue,10371849,CAD,RES-130032,2026-07-12
3549036,Carling Tp,CSD,2024,fir_own_source_revenue,9850925,CAD,RES-130032,2026-07-12
3549039,Whitestone M,CSD,2024,fir_total_revenue,5843643,CAD,RES-130032,2026-07-12
3549039,Whitestone M,CSD,2024,fir_own_source_revenue,5485539,CAD,RES-130032,2026-07-12
3549043,Magnetawan M,CSD,2024,fir_total_revenue,9150735,CAD,RES-130032,2026-07-12
3549043,Magnetawan M,CSD,2024,fir_own_source_revenue,7934879,CAD,RES-130032,2026-07-12
3549046,Strong Tp,CSD,2024,fir_total_revenue,5202933,CAD,RES-130032,2026-07-12
3549046,Strong Tp,CSD,2024,fir_own_source_revenue,4416925,CAD,RES-130032,2026-07-12
3549048,Sundridge V,CSD,2024,fir_total_revenue,4234235,CAD,RES-130032,2026-07-12
3549048,Sundridge V,CSD,2024,fir_own_source_revenue,3449694,CAD,RES-130032,2026-07-12
3549051,Joly Tp,CSD,2024,fir_total_revenue,1543279,CAD,RES-130032,2026-07-12
3549051,Joly Tp,CSD,2024,fir_own_source_revenue,1281339,CAD,RES-130032,2026-07-12
3549054,Machar Tp,CSD,2024,fir_total_revenue,4207840,CAD,RES-130032,2026-07-12
3549054,Machar Tp,CSD,2024,fir_own_source_revenue,3800216,CAD,RES-130032,2026-07-12
3549056,South River V,CSD,2024,fir_total_revenue,3815964,CAD,RES-130032,2026-07-12
3549056,South River V,CSD,2024,fir_own_source_revenue,2591821,CAD,RES-130032,2026-07-12
3549060,Powassan M,CSD,2024,fir_total_revenue,8163233,CAD,RES-130032,2026-07-12
3549060,Powassan M,CSD,2024,fir_own_source_revenue,7424150,CAD,RES-130032,2026-07-12
3549066,Callander M,CSD,2024,fir_total_revenue,10357928,CAD,RES-130032,2026-07-12
3549066,Callander M,CSD,2024,fir_own_source_revenue,10036541,CAD,RES-130032,2026-07-12
3549071,Nipissing Tp,CSD,2024,fir_total_revenue,4693810,CAD,RES-130032,2026-07-12
3549071,Nipissing Tp,CSD,2024,fir_own_source_revenue,4558632,CAD,RES-130032,2026-07-12
3551011,Assiginack Tp,CSD,2024,fir_total_revenue,4930902,CAD,RES-130032,2026-07-12
3551011,Assiginack Tp,CSD,2024,fir_own_source_revenue,4680097,CAD,RES-130032,2026-07-12
3551017,Northeastern Manitoulin & The Isl T,CSD,2024,fir_total_revenue,12392066,CAD,RES-130032,2026-07-12
3551017,Northeastern Manitoulin & The Isl T,CSD,2024,fir_own_source_revenue,11268605,CAD,RES-130032,2026-07-12
3551021,Billings Tp,CSD,2024,fir_total_revenue,4175440,CAD,RES-130032,2026-07-12
3551021,Billings Tp,CSD,2024,fir_own_source_revenue,3695836,CAD,RES-130032,2026-07-12
3551025,Gordon-Barrie Island M,CSD,2024,fir_total_revenue,3144449,CAD,RES-130032,2026-07-12
3551025,Gordon-Barrie Island M,CSD,2024,fir_own_source_revenue,2485000,CAD,RES-130032,2026-07-12
3551026,Gore Bay T,CSD,2024,fir_total_revenue,5851996,CAD,RES-130032,2026-07-12
3551026,Gore Bay T,CSD,2024,fir_own_source_revenue,4302063,CAD,RES-130032,2026-07-12
3551028,Burpee and Mills Tp,CSD,2024,fir_total_revenue,1898307,CAD,RES-130032,2026-07-12
3551028,Burpee and Mills Tp,CSD,2024,fir_own_source_revenue,1363684,CAD,RES-130032,2026-07-12
3551034,Cockburn Island Tp,CSD,2024,fir_total_revenue,520872,CAD,RES-130032,2026-07-12
3551034,Cockburn Island Tp,CSD,2024,fir_own_source_revenue,362446,CAD,RES-130032,2026-07-12
3552001,French River M,CSD,2024,fir_total_revenue,11347198,CAD,RES-130032,2026-07-12
3552001,French River M,CSD,2024,fir_own_source_revenue,10175664,CAD,RES-130032,2026-07-12
3552003,Killarney M,CSD,2024,fir_total_revenue,5600934,CAD,RES-130032,2026-07-12
3552003,Killarney M,CSD,2024,fir_own_source_revenue,4671890,CAD,RES-130032,2026-07-12
3552004,St-Charles M,CSD,2024,fir_total_revenue,5329743,CAD,RES-130032,2026-07-12
3552004,St-Charles M,CSD,2024,fir_own_source_revenue,5058821,CAD,RES-130032,2026-07-12
3552023,Sables-Spanish Rivers Tp,CSD,2024,fir_total_revenue,9280360,CAD,RES-130032,2026-07-12
3552023,Sables-Spanish Rivers Tp,CSD,2024,fir_own_source_revenue,8220673,CAD,RES-130032,2026-07-12
3552026,Espanola T,CSD,2024,fir_total_revenue,18645321,CAD,RES-130032,2026-07-12
3552026,Espanola T,CSD,2024,fir_own_source_revenue,16638499,CAD,RES-130032,2026-07-12
3552028,Baldwin Tp,CSD,2024,fir_total_revenue,1764313,CAD,RES-130032,2026-07-12
3552028,Baldwin Tp,CSD,2024,fir_own_source_revenue,1216293,CAD,RES-130032,2026-07-12
3552031,Nairn and Hyman Tp,CSD,2024,fir_total_revenue,2264447,CAD,RES-130032,2026-07-12
3552031,Nairn and Hyman Tp,CSD,2024,fir_own_source_revenue,1593173,CAD,RES-130032,2026-07-12
3552092,Chapleau Tp,CSD,2024,fir_total_revenue,9089062,CAD,RES-130032,2026-07-12
3552092,Chapleau Tp,CSD,2024,fir_own_source_revenue,8451984,CAD,RES-130032,2026-07-12
3553005,Greater Sudbury C,CSD,2024,fir_total_revenue,857077342,CAD,RES-130032,2026-07-12
3553005,Greater Sudbury C,CSD,2024,fir_own_source_revenue,647045894,CAD,RES-130032,2026-07-12
3554001,Coleman Tp,CSD,2024,fir_total_revenue,2268357,CAD,RES-130032,2026-07-12
3554001,Coleman Tp,CSD,2024,fir_own_source_revenue,2095831,CAD,RES-130032,2026-07-12
3554006,Latchford T,CSD,2024,fir_total_revenue,1769085,CAD,RES-130032,2026-07-12
3554006,Latchford T,CSD,2024,fir_own_source_revenue,1593437,CAD,RES-130032,2026-07-12
3554008,Cobalt T,CSD,2024,fir_total_revenue,3464762,CAD,RES-130032,2026-07-12
3554008,Cobalt T,CSD,2024,fir_own_source_revenue,2970531,CAD,RES-130032,2026-07-12
3554010,Temiskaming Shores C,CSD,2024,fir_total_revenue,34209178,CAD,RES-130032,2026-07-12
3554010,Temiskaming Shores C,CSD,2024,fir_own_source_revenue,30801423,CAD,RES-130032,2026-07-12
3554014,Harris Tp,CSD,2024,fir_total_revenue,1332712,CAD,RES-130032,2026-07-12
3554014,Harris Tp,CSD,2024,fir_own_source_revenue,709232,CAD,RES-130032,2026-07-12
3554021,Hudson Tp,CSD,2024,fir_total_revenue,1407808,CAD,RES-130032,2026-07-12
3554021,Hudson Tp,CSD,2024,fir_own_source_revenue,1120033,CAD,RES-130032,2026-07-12
3554024,Kerns Tp,CSD,2024,fir_total_revenue,1092154,CAD,RES-130032,2026-07-12
3554024,Kerns Tp,CSD,2024,fir_own_source_revenue,849069,CAD,RES-130032,2026-07-12
3554026,Harley Tp,CSD,2024,fir_total_revenue,1874257,CAD,RES-130032,2026-07-12
3554026,Harley Tp,CSD,2024,fir_own_source_revenue,1548281,CAD,RES-130032,2026-07-12
3554029,Casey Tp,CSD,2024,fir_total_revenue,961574,CAD,RES-130032,2026-07-12
3554029,Casey Tp,CSD,2024,fir_own_source_revenue,759542,CAD,RES-130032,2026-07-12
3554032,Brethour Tp,CSD,2024,fir_total_revenue,441253,CAD,RES-130032,2026-07-12
3554032,Brethour Tp,CSD,2024,fir_own_source_revenue,348089,CAD,RES-130032,2026-07-12
3554034,Hilliard Tp,CSD,2024,fir_total_revenue,3007833,CAD,RES-130032,2026-07-12
3554034,Hilliard Tp,CSD,2024,fir_own_source_revenue,592269,CAD,RES-130032,2026-07-12
3554036,Armstrong Tp,CSD,2024,fir_total_revenue,3308967,CAD,RES-130032,2026-07-12
3554036,Armstrong Tp,CSD,2024,fir_own_source_revenue,2970481,CAD,RES-130032,2026-07-12
3554038,Thornloe V,CSD,2024,fir_total_revenue,441043,CAD,RES-130032,2026-07-12
3554038,Thornloe V,CSD,2024,fir_own_source_revenue,197685,CAD,RES-130032,2026-07-12
3554042,James Tp,CSD,2024,fir_total_revenue,1773726,CAD,RES-130032,2026-07-12
3554042,James Tp,CSD,2024,fir_own_source_revenue,1424421,CAD,RES-130032,2026-07-12
3554047,Charlton-Dack M,CSD,2024,fir_total_revenue,1925856,CAD,RES-130032,2026-07-12
3554047,Charlton-Dack M,CSD,2024,fir_own_source_revenue,1673123,CAD,RES-130032,2026-07-12
3554049,Evanturel Tp,CSD,2024,fir_total_revenue,1152625,CAD,RES-130032,2026-07-12
3554049,Evanturel Tp,CSD,2024,fir_own_source_revenue,1099851,CAD,RES-130032,2026-07-12
3554052,Englehart T,CSD,2024,fir_total_revenue,5983420,CAD,RES-130032,2026-07-12
3554052,Englehart T,CSD,2024,fir_own_source_revenue,4256018,CAD,RES-130032,2026-07-12
3554054,Chamberlain Tp,CSD,2024,fir_total_revenue,1133125,CAD,RES-130032,2026-07-12
3554054,Chamberlain Tp,CSD,2024,fir_own_source_revenue,932401,CAD,RES-130032,2026-07-12
3554056,Matachewan Tp,CSD,2024,fir_total_revenue,1981622,CAD,RES-130032,2026-07-12
3554056,Matachewan Tp,CSD,2024,fir_own_source_revenue,1839541,CAD,RES-130032,2026-07-12
3554058,McGarry Tp,CSD,2024,fir_total_revenue,5400385,CAD,RES-130032,2026-07-12
3554058,McGarry Tp,CSD,2024,fir_own_source_revenue,3389959,CAD,RES-130032,2026-07-12
3554062,Larder Lake Tp,CSD,2024,fir_total_revenue,5075889,CAD,RES-130032,2026-07-12
3554062,Larder Lake Tp,CSD,2024,fir_own_source_revenue,3091465,CAD,RES-130032,2026-07-12
3554066,Gauthier Tp,CSD,2024,fir_total_revenue,749244,CAD,RES-130032,2026-07-12
3554066,Gauthier Tp,CSD,2024,fir_own_source_revenue,437347,CAD,RES-130032,2026-07-12
3554068,Kirkland Lake T,CSD,2024,fir_total_revenue,40387906,CAD,RES-130032,2026-07-12
3554068,Kirkland Lake T,CSD,2024,fir_own_source_revenue,31310935,CAD,RES-130032,2026-07-12
3556014,Black River - Matheson Tp,CSD,2024,fir_total_revenue,10947133,CAD,RES-130032,2026-07-12
3556014,Black River - Matheson Tp,CSD,2024,fir_own_source_revenue,9954470,CAD,RES-130032,2026-07-12
3556027,Timmins C,CSD,2024,fir_total_revenue,197654782,CAD,RES-130032,2026-07-12
3556027,Timmins C,CSD,2024,fir_own_source_revenue,151825350,CAD,RES-130032,2026-07-12
3556031,Iroquois Falls T,CSD,2024,fir_total_revenue,19090983,CAD,RES-130032,2026-07-12
3556031,Iroquois Falls T,CSD,2024,fir_own_source_revenue,17908659,CAD,RES-130032,2026-07-12
3556042,Cochrane T,CSD,2024,fir_total_revenue,24533257,CAD,RES-130032,2026-07-12
3556042,Cochrane T,CSD,2024,fir_own_source_revenue,20822821,CAD,RES-130032,2026-07-12
3556048,Smooth Rock Falls T,CSD,2024,fir_total_revenue,7821781,CAD,RES-130032,2026-07-12
3556048,Smooth Rock Falls T,CSD,2024,fir_own_source_revenue,5392758,CAD,RES-130032,2026-07-12
3556052,Fauquier-Strickland Tp,CSD,2024,fir_total_revenue,2606475,CAD,RES-130032,2026-07-12
3556052,Fauquier-Strickland Tp,CSD,2024,fir_own_source_revenue,2347247,CAD,RES-130032,2026-07-12
3556056,Moonbeam Tp,CSD,2024,fir_total_revenue,5962931,CAD,RES-130032,2026-07-12
3556056,Moonbeam Tp,CSD,2024,fir_own_source_revenue,4392036,CAD,RES-130032,2026-07-12
3556066,Kapuskasing T,CSD,2024,fir_total_revenue,29118228,CAD,RES-130032,2026-07-12
3556066,Kapuskasing T,CSD,2024,fir_own_source_revenue,26378671,CAD,RES-130032,2026-07-12
3556070,Val Rita-Harty Tp,CSD,2024,fir_total_revenue,2724881,CAD,RES-130032,2026-07-12
3556070,Val Rita-Harty Tp,CSD,2024,fir_own_source_revenue,2368301,CAD,RES-130032,2026-07-12
3556073,Opasatika Tp,CSD,2024,fir_total_revenue,1286643,CAD,RES-130032,2026-07-12
3556073,Opasatika Tp,CSD,2024,fir_own_source_revenue,1190553,CAD,RES-130032,2026-07-12
3556076,Hearst T,CSD,2024,fir_total_revenue,30117045,CAD,RES-130032,2026-07-12
3556076,Hearst T,CSD,2024,fir_own_source_revenue,20727527,CAD,RES-130032,2026-07-12
3556077,Mattice - Val Cote Tp,CSD,2024,fir_total_revenue,2554383,CAD,RES-130032,2026-07-12
3556077,Mattice - Val Cote Tp,CSD,2024,fir_own_source_revenue,2249794,CAD,RES-130032,2026-07-12
3557004,Hilton Tp,CSD,2024,fir_total_revenue,1126705,CAD,RES-130032,2026-07-12
3557004,Hilton Tp,CSD,2024,fir_own_source_revenue,1124528,CAD,RES-130032,2026-07-12
3557006,Hilton Beach V,CSD,2024,fir_total_revenue,1333923,CAD,RES-130032,2026-07-12
3557006,Hilton Beach V,CSD,2024,fir_own_source_revenue,1218617,CAD,RES-130032,2026-07-12
3557008,St Joseph Tp,CSD,2024,fir_total_revenue,5666292,CAD,RES-130032,2026-07-12
3557008,St Joseph Tp,CSD,2024,fir_own_source_revenue,4330294,CAD,RES-130032,2026-07-12
3557011,Laird Tp,CSD,2024,fir_total_revenue,3156129,CAD,RES-130032,2026-07-12
3557011,Laird Tp,CSD,2024,fir_own_source_revenue,2559057,CAD,RES-130032,2026-07-12
3557014,Tarbutt Tp,CSD,2024,fir_total_revenue,1871189,CAD,RES-130032,2026-07-12
3557014,Tarbutt Tp,CSD,2024,fir_own_source_revenue,1685707,CAD,RES-130032,2026-07-12
3557016,Johnson Tp,CSD,2024,fir_total_revenue,3402026,CAD,RES-130032,2026-07-12
3557016,Johnson Tp,CSD,2024,fir_own_source_revenue,2820730,CAD,RES-130032,2026-07-12
3557019,Plummer Additional Tp,CSD,2024,fir_total_revenue,2759616,CAD,RES-130032,2026-07-12
3557019,Plummer Additional Tp,CSD,2024,fir_own_source_revenue,2303550,CAD,RES-130032,2026-07-12
3557021,Bruce Mines T,CSD,2024,fir_total_revenue,2587817,CAD,RES-130032,2026-07-12
3557021,Bruce Mines T,CSD,2024,fir_own_source_revenue,2310085,CAD,RES-130032,2026-07-12
3557028,Thessalon T,CSD,2024,fir_total_revenue,6435765,CAD,RES-130032,2026-07-12
3557028,Thessalon T,CSD,2024,fir_own_source_revenue,3799108,CAD,RES-130032,2026-07-12
3557035,Huron Shores M,CSD,2024,fir_total_revenue,7062800,CAD,RES-130032,2026-07-12
3557035,Huron Shores M,CSD,2024,fir_own_source_revenue,6497372,CAD,RES-130032,2026-07-12
3557038,Blind River T,CSD,2024,fir_total_revenue,18519305,CAD,RES-130032,2026-07-12
3557038,Blind River T,CSD,2024,fir_own_source_revenue,15745987,CAD,RES-130032,2026-07-12
3557039,Spanish T,CSD,2024,fir_total_revenue,3123941,CAD,RES-130032,2026-07-12
3557039,Spanish T,CSD,2024,fir_own_source_revenue,2295517,CAD,RES-130032,2026-07-12
3557040,The North Shore Tp,CSD,2024,fir_total_revenue,2049148,CAD,RES-130032,2026-07-12
3557040,The North Shore Tp,CSD,2024,fir_own_source_revenue,1901868,CAD,RES-130032,2026-07-12
3557041,Elliot Lake C,CSD,2024,fir_total_revenue,42904109,CAD,RES-130032,2026-07-12
3557041,Elliot Lake C,CSD,2024,fir_own_source_revenue,35500204,CAD,RES-130032,2026-07-12
3557051,Macdonald Meredith et al Tp,CSD,2024,fir_total_revenue,4402584,CAD,RES-130032,2026-07-12
3557051,Macdonald Meredith et al Tp,CSD,2024,fir_own_source_revenue,4024621,CAD,RES-130032,2026-07-12
3557061,Sault Ste Marie C,CSD,2024,fir_total_revenue,273980463,CAD,RES-130032,2026-07-12
3557061,Sault Ste Marie C,CSD,2024,fir_own_source_revenue,254354472,CAD,RES-130032,2026-07-12
3557066,Prince Tp,CSD,2024,fir_total_revenue,2964473,CAD,RES-130032,2026-07-12
3557066,Prince Tp,CSD,2024,fir_own_source_revenue,2044165,CAD,RES-130032,2026-07-12
3557076,Wawa M,CSD,2024,fir_total_revenue,15643504,CAD,RES-130032,2026-07-12
3557076,Wawa M,CSD,2024,fir_own_source_revenue,13207250,CAD,RES-130032,2026-07-12
3557079,Dubreuilville Tp,CSD,2024,fir_total_revenue,5567753,CAD,RES-130032,2026-07-12
3557079,Dubreuilville Tp,CSD,2024,fir_own_source_revenue,5025460,CAD,RES-130032,2026-07-12
3557096,Hornepayne Tp,CSD,2024,fir_total_revenue,5984298,CAD,RES-130032,2026-07-12
3557096,Hornepayne Tp,CSD,2024,fir_own_source_revenue,5278819,CAD,RES-130032,2026-07-12
3558001,Neebing M,CSD,2024,fir_total_revenue,5428323,CAD,RES-130032,2026-07-12
3558001,Neebing M,CSD,2024,fir_own_source_revenue,4192375,CAD,RES-130032,2026-07-12
3558004,Thunder Bay C,CSD,2024,fir_total_revenue,699341710,CAD,RES-130032,2026-07-12
3558004,Thunder Bay C,CSD,2024,fir_own_source_revenue,620015104,CAD,RES-130032,2026-07-12
3558011,Oliver Paipoonge M,CSD,2024,fir_total_revenue,13633505,CAD,RES-130032,2026-07-12
3558011,Oliver Paipoonge M,CSD,2024,fir_own_source_revenue,11892242,CAD,RES-130032,2026-07-12
3558012,Gillies Tp,CSD,2024,fir_total_revenue,1010805,CAD,RES-130032,2026-07-12
3558012,Gillies Tp,CSD,2024,fir_own_source_revenue,947185,CAD,RES-130032,2026-07-12
3558016,O'Connor Tp,CSD,2024,fir_total_revenue,1723099,CAD,RES-130032,2026-07-12
3558016,O'Connor Tp,CSD,2024,fir_own_source_revenue,1324888,CAD,RES-130032,2026-07-12
3558019,Conmee Tp,CSD,2024,fir_total_revenue,1684742,CAD,RES-130032,2026-07-12
3558019,Conmee Tp,CSD,2024,fir_own_source_revenue,1443734,CAD,RES-130032,2026-07-12
3558028,Shuniah M,CSD,2024,fir_total_revenue,8713702,CAD,RES-130032,2026-07-12
3558028,Shuniah M,CSD,2024,fir_own_source_revenue,7729373,CAD,RES-130032,2026-07-12
3558034,Dorion Tp,CSD,2024,fir_total_revenue,1281159,CAD,RES-130032,2026-07-12
3558034,Dorion Tp,CSD,2024,fir_own_source_revenue,1012809,CAD,RES-130032,2026-07-12
3558041,Red Rock Tp,CSD,2024,fir_total_revenue,6339281,CAD,RES-130032,2026-07-12
3558041,Red Rock Tp,CSD,2024,fir_own_source_revenue,3403181,CAD,RES-130032,2026-07-12
3558054,Terrace Bay Tp,CSD,2024,fir_total_revenue,8209873,CAD,RES-130032,2026-07-12
3558054,Terrace Bay Tp,CSD,2024,fir_own_source_revenue,6934066,CAD,RES-130032,2026-07-12
3558059,Marathon T,CSD,2024,fir_total_revenue,13205640,CAD,RES-130032,2026-07-12
3558059,Marathon T,CSD,2024,fir_own_source_revenue,12361909,CAD,RES-130032,2026-07-12
3558075,Greenstone M,CSD,2024,fir_total_revenue,34315373,CAD,RES-130032,2026-07-12
3558075,Greenstone M,CSD,2024,fir_own_source_revenue,31618908,CAD,RES-130032,2026-07-12
3559011,Alberton Tp,CSD,2024,fir_total_revenue,1893268,CAD,RES-130032,2026-07-12
3559011,Alberton Tp,CSD,2024,fir_own_source_revenue,1356110,CAD,RES-130032,2026-07-12
3559012,Fort Frances T,CSD,2024,fir_total_revenue,33550437,CAD,RES-130032,2026-07-12
3559012,Fort Frances T,CSD,2024,fir_own_source_revenue,29519269,CAD,RES-130032,2026-07-12
3559016,La Vallee Tp,CSD,2024,fir_total_revenue,2058761,CAD,RES-130032,2026-07-12
3559016,La Vallee Tp,CSD,2024,fir_own_source_revenue,1802340,CAD,RES-130032,2026-07-12
3559019,Emo Tp,CSD,2024,fir_total_revenue,5680959,CAD,RES-130032,2026-07-12
3559019,Emo Tp,CSD,2024,fir_own_source_revenue,5483358,CAD,RES-130032,2026-07-12
3559024,Chapple Tp,CSD,2024,fir_total_revenue,3915946,CAD,RES-130032,2026-07-12
3559024,Chapple Tp,CSD,2024,fir_own_source_revenue,3479857,CAD,RES-130032,2026-07-12
3559031,Morley Tp,CSD,2024,fir_total_revenue,1363491,CAD,RES-130032,2026-07-12
3559031,Morley Tp,CSD,2024,fir_own_source_revenue,1080198,CAD,RES-130032,2026-07-12
3559040,Dawson Tp,CSD,2024,fir_total_revenue,1845852,CAD,RES-130032,2026-07-12
3559040,Dawson Tp,CSD,2024,fir_own_source_revenue,1329358,CAD,RES-130032,2026-07-12
3559042,Rainy River T,CSD,2024,fir_total_revenue,6092666,CAD,RES-130032,2026-07-12
3559042,Rainy River T,CSD,2024,fir_own_source_revenue,2861948,CAD,RES-130032,2026-07-12
3559047,Lake of The Woods Tp,CSD,2024,fir_total_revenue,1935222,CAD,RES-130032,2026-07-12
3559047,Lake of The Woods Tp,CSD,2024,fir_own_source_revenue,1664537,CAD,RES-130032,2026-07-12
3560008,Sioux Narrows-Nestor Falls Tp,CSD,2024,fir_total_revenue,6328747,CAD,RES-130032,2026-07-12
3560008,Sioux Narrows-Nestor Falls Tp,CSD,2024,fir_own_source_revenue,5081222,CAD,RES-130032,2026-07-12
3560010,Kenora C,CSD,2024,fir_total_revenue,65520547,CAD,RES-130032,2026-07-12
3560010,Kenora C,CSD,2024,fir_own_source_revenue,60810408,CAD,RES-130032,2026-07-12
3560021,Machin Tp,CSD,2024,fir_total_revenue,3917246,CAD,RES-130032,2026-07-12
3560021,Machin Tp,CSD,2024,fir_own_source_revenue,3609052,CAD,RES-130032,2026-07-12
3560027,Dryden C,CSD,2024,fir_total_revenue,42819344,CAD,RES-130032,2026-07-12
3560027,Dryden C,CSD,2024,fir_own_source_revenue,32355476,CAD,RES-130032,2026-07-12
3560032,Ear Falls Tp,CSD,2024,fir_total_revenue,6568689,CAD,RES-130032,2026-07-12
3560032,Ear Falls Tp,CSD,2024,fir_own_source_revenue,5598850,CAD,RES-130032,2026-07-12
3560042,Red Lake M,CSD,2024,fir_total_revenue,19069866,CAD,RES-130032,2026-07-12
3560042,Red Lake M,CSD,2024,fir_own_source_revenue,18025780,CAD,RES-130032,2026-07-12
